VBCSCompilerPreWarmer: pre-warm launched (dotnet PID 32928)
VBCSCompiler prewarm took 6.46 ms
[Licensing::Module] Trying to connect to existing licensing client channel...
[Licensing::IpcConnector] Successfully connected to: "LicenseClient-PC" at "2026-09-16T12:58:23.2707134Z"
Built from '6000.6/respin/6000.6.0f1-fa21a270ab12' branch; Version is '6000.6.0f1 (f7f8ed4d1e24) revision 16251117'; Using compiler version '194234433'; Build Type 'Release'
OS: 'Windows 11  (10.0.26200) Professional' Language: 'en' Physical Memory: 31861 MB
BatchMode: 0, IsHumanControllingUs: 1, StartBugReporterOnCrash: 1, Is64bit: 1
System  architecture: x64
Process architecture: x64
Date: 2026-09-16T12:58:23Z
[Licensing::Client] Code 10 while verifying Licensing Client signature (process Id: 27672, path: "C:/Program Files/Unity Hub/UnityLicensingClient_V1/Unity.Licensing.Client.exe")
[Licensing::Module] LicensingClient has failed validation; ignoring
[Licensing::Client] Handshaking with LicensingClient:
  Version:                 1.18.3+d7ffd15
  Session Id:              1c3e086a895f4b139139178647ac6536
  Correlation Id:          401056cadf3482a365c21febf6e17166
  External correlation Id: 426237698095142136
  Machine Id:              oYeF33ZeVD8vdvTs0i5gy5/BgoA=
[Licensing::Module] Successfully connected to LicensingClient on channel: "LicenseClient-PC" (connect: 0.00s, validation: 0.00s, handshake: 0.03s)
[Licensing::IpcConnector] Successfully connected to: "LicenseClient-PC-notifications" at "2026-09-16T12:58:23.299771Z"
[Licensing::Client] Successfully updated the access token
[Licensing::Module] Successfully updated the access token 2U4H46-I97...
[Licensing::Client] Successfully resolved entitlement details
[Licensing::Module] License group:
  Id: 18968497955000-UnityPersXXXX
  Product: Unity Personal
  Type: Assigned
  Expiration: Unlimited
[Licensing::Client] Successfully updated license, isAsync: True, time: 0.00
[Licensing::Client] Successfully resolved entitlement details
[Licensing::Module] Licensing Background thread has ended after 0.04s

COMMAND LINE ARGUMENTS:
C:\Program Files\Unity\Hub\Editor\6000.6.0f1\Editor\Unity.exe
-projectpath
C:\Users\PC\GAMEDEV\GummiShip
-acceptSoftwareTermsForThisRunOnly
-useHub
-hubIPC
-cloudEnvironment
production
-licensingIpc
LicenseClient-PC
-hubSessionId
7ad679f2-2bc2-4057-8f4b-364852544c19
-accessToken
2U4H46-I970To4PMddfOjLWwgFzRmxXDCfmB_jSz__o011f
Successfully changed project path to: C:\Users\PC\GAMEDEV\GummiShip
C:/Users/PC/GAMEDEV/GummiShip
[UnityMemory] Configuration Parameters - Can be set up in boot.config
    "memorysetup-temp-allocator-size-gi-baking-worker=262144"
    "memorysetup-temp-allocator-size-gi-baking-worker=262144"
    "memorysetup-temp-allocator-size-gi-baking-worker=262144"
    "memorysetup-temp-allocator-size-gi-baking-worker=262144"
    "memorysetup-temp-allocator-size-gi-baking-worker=262144"
    "memorysetup-temp-allocator-size-nav-mesh-worker=65536"
    "memorysetup-temp-allocator-size-audio-worker=65536"
    "memorysetup-temp-allocator-size-cloud-worker=32768"
    "memorysetup-temp-allocator-size-gfx=262144"
    "memorysetup-remapper-allocator-initial-capacity=32768"
    "memorysetup-temp-allocator-size-preload-manager=33554432"
    "memorysetup-allocator-temp-initial-block-size-main=262144"
    "memorysetup-allocator-temp-initial-block-size-worker=262144"
    "memorysetup-temp-allocator-size-job-worker=262144"
    "memorysetup-temp-allocator-size-background-worker=32768"
    "memorysetup-bucket-allocator-granularity=16"
    "memorysetup-bucket-allocator-bucket-count=8"
    "memorysetup-bucket-allocator-block-size=33554432"
    "memorysetup-bucket-allocator-block-count=8"
    "memorysetup-main-allocator-block-size=16777216"
    "memorysetup-thread-allocator-block-size=16777216"
    "memorysetup-main-allocator-mimalloc-enabled=1"
    "memorysetup-gfx-main-allocator-block-size=16777216"
    "memorysetup-gfx-thread-allocator-block-size=16777216"
    "memorysetup-cache-allocator-block-size=4194304"
    "memorysetup-typetree-allocator-block-size=2097152"
    "memorysetup-profiler-bucket-allocator-granularity=16"
    "memorysetup-profiler-bucket-allocator-bucket-count=8"
    "memorysetup-profiler-bucket-allocator-block-size=33554432"
    "memorysetup-profiler-bucket-allocator-block-count=8"
    "memorysetup-profiler-allocator-block-size=16777216"
    "memorysetup-profiler-editor-allocator-block-size=1048576"
    "memorysetup-temp-allocator-size-main=16777216"
    "memorysetup-job-temp-allocator-block-size=2097152"
    "memorysetup-job-temp-allocator-block-size-background=1048576"
    "memorysetup-job-temp-allocator-reduction-small-platforms=262144"
Player connection [35376]  Target information:

Player connection [35376]  * "[IP] 192.168.68.51 [Port] 55504 [Flags] 2 [Guid] 725625226 [EditorId] 725625226 [Version] 1048832 [Id] WindowsEditor(7,DESKTOP-RMDP49B) [Debug] 1 [PackageName] WindowsEditor [ProjectName] Editor" 

Player connection [35376]  * "[IP] 100.118.196.88 [Port] 55504 [Flags] 2 [Guid] 725625226 [EditorId] 725625226 [Version] 1048832 [Id] WindowsEditor(7,DESKTOP-RMDP49B) [Debug] 1 [PackageName] WindowsEditor [ProjectName] Editor" 

Player connection [35376] Host joined multi-casting on [225.0.0.222:54997]...
Player connection [35376] Host joined alternative multi-casting on [225.0.0.222:34997]...
Input System module state changed to: Initialized.
[Physics::Module] Initialized fallback backend.
[Physics::Module] Id: 0xdecafbad
[Package Manager] Connected to IPC stream "Upm-33972" after 0.2 seconds.
[Licensing::Client] Successfully resolved entitlement details
Library Redirect Path: Library/
Initialising UDS system complete:
  - System type: Client
  - Resource namespace: 65d68039203af10b1f51f0a49bb5d5ee
  - Shared memory size: 1073741824
  - Command buffer id: 1052576
  - Command buffer size: 8192
  - Hashmap size: 4194304
  - Service connected: false
Launching Unity Data Store - C:/Program Files/Unity/Hub/Editor/6000.6.0f1/Editor/Data/Tools/Unity.DataStore.exe 
Unity Data Store artifact dir = Library/DataStore, working dir = C:/Users/PC/GAMEDEV/GummiShip[Physics::Module] Selected backend.
[Physics::Module] Name: PhysX
[Physics::Module] Id: 0xf2b8ea05
[Physics::Module] SDK Version: 4.1.2
[Physics::Module] Integration Version: 1.0.0
[Physics::Module] Threading Mode: Multi-Threaded
Unity Data Store running and initialised
Initialize engine version: 6000.6.0f1 (f7f8ed4d1e24)
[EntityIdStore] init: VM path (explicit commit), pageSize=4096, blockCount=1048576, entitiesPerBlock=256, slots reserved=4294967296 bytes
[Subsystems] Discovering subsystems at path C:/Program Files/Unity/Hub/Editor/6000.6.0f1/Editor/Data/Resources/UnitySubsystems
[Subsystems] Discovering subsystems at path C:/Users/PC/GAMEDEV/GummiShip/Assets
GfxDevice: creating device client; kGfxThreadingModeThreaded
Direct3D:
    Version:  Direct3D 11.0 [level 11.1]
    Renderer: NVIDIA GeForce RTX 4060 Ti (ID=0x2803)
    Vendor:   NVIDIA
    VRAM:     7949 MB
    Driver:   32.0.15.9186
Initialize mono
Mono path[0] = 'C:/Program Files/Unity/Hub/Editor/6000.6.0f1/Editor/Data/Managed'
Mono path[1] = 'C:/Program Files/Unity/Hub/Editor/6000.6.0f1/Editor/Data/BCLExtensions/runtime/netstandard2.1'
Mono path[2] = 'C:/Program Files/Unity/Hub/Editor/6000.6.0f1/Editor/Data/MonoBleedingEdge/lib/mono/unityjit-win32'
Mono config path = 'C:/Program Files/Unity/Hub/Editor/6000.6.0f1/Editor/Data/MonoBleedingEdge/etc'
Using monoOptions --debugger-agent=transport=dt_socket,embedding=1,server=y,suspend=n,address=127.0.0.1:56972
CodeReloadManager initialized
ImportWorker Server TCP listen port: 0
AcceleratorClientConnectionCallback - disconnected - :0
Begin MonoManager ReloadAssembly
Registering precompiled unity dll's ...
Register platform support module: C:/Program Files/Unity/Hub/Editor/6000.6.0f1/Editor/Data/PlaybackEngines/WebGLSupport/UnityEditor.WebGL.Extensions.dll
Register platform support module: C:/Program Files/Unity/Hub/Editor/6000.6.0f1/Editor/Data/PlaybackEngines/WindowsStandaloneSupport/UnityEditor.WindowsStandalone.Extensions.dll
Registered in 0.001349 seconds.
Native extension for WindowsStandalone target not found
Native extension for WebGL target not found
Package Manager log level set to [2]
ScheduleIndexationOnStartup MainProcess:False IndexOnStartup:True
Scripting: successfully reloaded assembly
- Finished resetting the current domain, in  0.566 seconds
Domain Reload Profiling: 1047ms
	BeginReloadAssembly (115ms)
		CreateAndSetChildDomain (6ms)
	RebuildCommonClasses (5ms)
	RebuildNativeTypeToScriptingClass (16ms)
	initialDomainReloadingComplete (57ms)
	LoadAllAssembliesAndSetupDomain (287ms)
		LoadAssemblies (107ms)
		TypeCache.Refresh (198ms)
			TypeCache.ScanAssembly (185ms)
		AnalyzeDomain (1ms)
	FinalizeReload (567ms)
		SetupLoadedEditorAssemblies (0ms)
			InitializePlatformSupportModulesInManaged (3ms)
			BeforeProcessingInitializeOnLoad (88ms)
			ProcessInitializeOnLoadAttributes (100ms)
			ProcessInitializeOnLoadMethodAttributes (200ms)
[Licensing::Client] Successfully resolved entitlement details
Application.AssetDatabase Initial Refresh Start
[Package Manager] Done resolving packages in 1.87 seconds
[Licensing::Client] Successfully resolved entitlement details
[Package Manager] Registered 61 packages:
  Packages from [https://packages.unity.com]:
    com.unity.ai.navigation@2.0.14 (location: C:\Users\PC\GAMEDEV\GummiShip\Library\PackageCache\com.unity.ai.navigation@134dd6a3b97b)
    com.unity.collab-proxy@2.13.6 (location: C:\Users\PC\GAMEDEV\GummiShip\Library\PackageCache\com.unity.collab-proxy@4628d2ba6ea4)
    com.unity.ide.rider@3.0.38 (location: C:\Users\PC\GAMEDEV\GummiShip\Library\PackageCache\com.unity.ide.rider@1f60b3138684)
    com.unity.ide.visualstudio@2.0.26 (location: C:\Users\PC\GAMEDEV\GummiShip\Library\PackageCache\com.unity.ide.visualstudio@a99d56dec63f)
    com.unity.inputsystem@1.20.0 (location: C:\Users\PC\GAMEDEV\GummiShip\Library\PackageCache\com.unity.inputsystem@7a4e1a2a8194)
    com.unity.probuilder@6.1.2 (location: C:\Users\PC\GAMEDEV\GummiShip\Library\PackageCache\com.unity.probuilder@8be9724b2335)
    com.unity.visualscripting@1.9.12 (location: C:\Users\PC\GAMEDEV\GummiShip\Library\PackageCache\com.unity.visualscripting@4edfcc09512f)
    com.unity.settings-manager@2.1.1 (location: C:\Users\PC\GAMEDEV\GummiShip\Library\PackageCache\com.unity.settings-manager@0b8638c5ce86)
    com.unity.searcher@4.9.5 (location: C:\Users\PC\GAMEDEV\GummiShip\Library\PackageCache\com.unity.searcher@a463122f2c00)
    com.unity.profiling.core@1.0.3 (location: C:\Users\PC\GAMEDEV\GummiShip\Library\PackageCache\com.unity.profiling.core@8a49f7027d06)
    com.unity.nuget.mono-cecil@1.11.6 (location: C:\Users\PC\GAMEDEV\GummiShip\Library\PackageCache\com.unity.nuget.mono-cecil@ecb9724e46ff)
  Built-in packages:
    com.unity.render-pipelines.universal@17.6.0 (location: C:\Users\PC\GAMEDEV\GummiShip\Library\PackageCache\com.unity.render-pipelines.universal@8457e85b8184)
    com.unity.test-framework@1.8.0 (location: C:\Users\PC\GAMEDEV\GummiShip\Library\PackageCache\com.unity.test-framework@7a3849e09bd0)
    com.unity.timeline@6.6.0 (location: C:\Users\PC\GAMEDEV\GummiShip\Library\PackageCache\com.unity.timeline@281d5f7e7d7d)
    com.unity.ugui@2.6.0 (location: C:\Users\PC\GAMEDEV\GummiShip\Library\PackageCache\com.unity.ugui@23caec89ae27)
    com.unity.modules.accessibility@1.0.0 (location: C:\Users\PC\GAMEDEV\GummiShip\Library\PackageCache\com.unity.modules.accessibility)
    com.unity.modules.adaptiveperformance@1.0.0 (location: C:\Users\PC\GAMEDEV\GummiShip\Library\PackageCache\com.unity.modules.adaptiveperformance)
    com.unity.modules.ai@1.0.0 (location: C:\Users\PC\GAMEDEV\GummiShip\Library\PackageCache\com.unity.modules.ai)
    com.unity.modules.androidjni@1.0.0 (location: C:\Users\PC\GAMEDEV\GummiShip\Library\PackageCache\com.unity.modules.androidjni)
    com.unity.modules.animation@1.0.0 (location: C:\Users\PC\GAMEDEV\GummiShip\Library\PackageCache\com.unity.modules.animation)
    com.unity.modules.assetbundle@1.0.0 (location: C:\Users\PC\GAMEDEV\GummiShip\Library\PackageCache\com.unity.modules.assetbundle)
    com.unity.modules.audio@1.0.0 (location: C:\Users\PC\GAMEDEV\GummiShip\Library\PackageCache\com.unity.modules.audio)
    com.unity.modules.cloth@1.0.0 (location: C:\Users\PC\GAMEDEV\GummiShip\Library\PackageCache\com.unity.modules.cloth)
    com.unity.modules.director@1.0.0 (location: C:\Users\PC\GAMEDEV\GummiShip\Library\PackageCache\com.unity.modules.director)
    com.unity.modules.imageconversion@1.0.0 (location: C:\Users\PC\GAMEDEV\GummiShip\Library\PackageCache\com.unity.modules.imageconversion)
    com.unity.modules.imgui@1.0.0 (location: C:\Users\PC\GAMEDEV\GummiShip\Library\PackageCache\com.unity.modules.imgui)
    com.unity.modules.jsonserialize@1.0.0 (location: C:\Users\PC\GAMEDEV\GummiShip\Library\PackageCache\com.unity.modules.jsonserialize)
    com.unity.modules.particlesystem@1.0.0 (location: C:\Users\PC\GAMEDEV\GummiShip\Library\PackageCache\com.unity.modules.particlesystem)
    com.unity.modules.physics@1.0.0 (location: C:\Users\PC\GAMEDEV\GummiShip\Library\PackageCache\com.unity.modules.physics)
    com.unity.modules.physics2d@1.0.0 (location: C:\Users\PC\GAMEDEV\GummiShip\Library\PackageCache\com.unity.modules.physics2d)
    com.unity.modules.physicscore2d@1.0.0 (location: C:\Users\PC\GAMEDEV\GummiShip\Library\PackageCache\com.unity.modules.physicscore2d)
    com.unity.modules.screencapture@1.0.0 (location: C:\Users\PC\GAMEDEV\GummiShip\Library\PackageCache\com.unity.modules.screencapture)
    com.unity.modules.terrain@1.0.0 (location: C:\Users\PC\GAMEDEV\GummiShip\Library\PackageCache\com.unity.modules.terrain)
    com.unity.modules.terrainphysics@1.0.0 (location: C:\Users\PC\GAMEDEV\GummiShip\Library\PackageCache\com.unity.modules.terrainphysics)
    com.unity.modules.tetgen@1.0.0 (location: C:\Users\PC\GAMEDEV\GummiShip\Library\PackageCache\com.unity.modules.tetgen)
    com.unity.modules.tilemap@1.0.0 (location: C:\Users\PC\GAMEDEV\GummiShip\Library\PackageCache\com.unity.modules.tilemap)
    com.unity.modules.timelinefoundation@1.0.0 (location: C:\Users\PC\GAMEDEV\GummiShip\Library\PackageCache\com.unity.modules.timelinefoundation)
    com.unity.modules.ui@1.0.0 (location: C:\Users\PC\GAMEDEV\GummiShip\Library\PackageCache\com.unity.modules.ui)
    com.unity.modules.uielements@1.0.0 (location: C:\Users\PC\GAMEDEV\GummiShip\Library\PackageCache\com.unity.modules.uielements)
    com.unity.modules.umbra@1.0.0 (location: C:\Users\PC\GAMEDEV\GummiShip\Library\PackageCache\com.unity.modules.umbra)
    com.unity.modules.unityanalytics@1.0.0 (location: C:\Users\PC\GAMEDEV\GummiShip\Library\PackageCache\com.unity.modules.unityanalytics)
    com.unity.modules.unitywebrequest@1.0.0 (location: C:\Users\PC\GAMEDEV\GummiShip\Library\PackageCache\com.unity.modules.unitywebrequest)
    com.unity.modules.unitywebrequestassetbundle@1.0.0 (location: C:\Users\PC\GAMEDEV\GummiShip\Library\PackageCache\com.unity.modules.unitywebrequestassetbundle)
    com.unity.modules.unitywebrequestaudio@1.0.0 (location: C:\Users\PC\GAMEDEV\GummiShip\Library\PackageCache\com.unity.modules.unitywebrequestaudio)
    com.unity.modules.unitywebrequesttexture@1.0.0 (location: C:\Users\PC\GAMEDEV\GummiShip\Library\PackageCache\com.unity.modules.unitywebrequesttexture)
    com.unity.modules.unitywebrequestwww@1.0.0 (location: C:\Users\PC\GAMEDEV\GummiShip\Library\PackageCache\com.unity.modules.unitywebrequestwww)
    com.unity.modules.vectorgraphics@1.0.0 (location: C:\Users\PC\GAMEDEV\GummiShip\Library\PackageCache\com.unity.modules.vectorgraphics)
    com.unity.modules.vehicles@1.0.0 (location: C:\Users\PC\GAMEDEV\GummiShip\Library\PackageCache\com.unity.modules.vehicles)
    com.unity.modules.video@1.0.0 (location: C:\Users\PC\GAMEDEV\GummiShip\Library\PackageCache\com.unity.modules.video)
    com.unity.modules.wind@1.0.0 (location: C:\Users\PC\GAMEDEV\GummiShip\Library\PackageCache\com.unity.modules.wind)
    com.unity.modules.xr@1.0.0 (location: C:\Users\PC\GAMEDEV\GummiShip\Library\PackageCache\com.unity.modules.xr)
    com.unity.modules.subsystems@1.0.0 (location: C:\Users\PC\GAMEDEV\GummiShip\Library\PackageCache\com.unity.modules.subsystems)
    com.unity.modules.hierarchycore@1.0.0 (location: C:\Users\PC\GAMEDEV\GummiShip\Library\PackageCache\com.unity.modules.hierarchycore)
    com.unity.ext.nunit@2.1.0 (location: C:\Users\PC\GAMEDEV\GummiShip\Library\PackageCache\com.unity.ext.nunit@0198eae3b53e)
    com.unity.render-pipelines.core@17.6.0 (location: C:\Users\PC\GAMEDEV\GummiShip\Library\PackageCache\com.unity.render-pipelines.core@2d66c71e606e)
    com.unity.shadergraph@17.6.0 (location: C:\Users\PC\GAMEDEV\GummiShip\Library\PackageCache\com.unity.shadergraph@ef6135652377)
    com.unity.render-pipelines.universal-config@17.6.0 (location: C:\Users\PC\GAMEDEV\GummiShip\Library\PackageCache\com.unity.render-pipelines.universal-config@561422b74439)
    com.unity.graph-authoring@1.0.0 (location: C:\Users\PC\GAMEDEV\GummiShip\Library\PackageCache\com.unity.graph-authoring@cfd2588851ee)
    com.unity.burst@2.0.0 (location: C:\Users\PC\GAMEDEV\GummiShip\Library\PackageCache\com.unity.burst@626e66ab421b)
    com.unity.collections@6.6.0 (location: C:\Users\PC\GAMEDEV\GummiShip\Library\PackageCache\com.unity.collections@10fff0607388)
    com.unity.test-framework.performance@6.6.0 (location: C:\Users\PC\GAMEDEV\GummiShip\Library\PackageCache\com.unity.test-framework.performance@0a60b857a52e)
[Subsystems] No new subsystems found in resolved package list.
[Package Manager] Done registering packages in 0.00 seconds
Starting: C:\Program Files\Unity\Hub\Editor\6000.6.0f1\Editor\Data\Tools\BuildPipeline\bee_backend.exe --ipc --defer-dag-verification --dagfile="Library/Bee/1900b0aE.dag" --continue-on-failure --profile="Library/Bee/backend1.traceevents" ScriptAssemblies
WorkingDir: C:/Users/PC/GAMEDEV/GummiShip
Starting: C:\Program Files\Unity\Hub\Editor\6000.6.0f1\Editor\Data\DotNetSdk\dotnet.exe "C:\Program Files\Unity\Hub\Editor\6000.6.0f1\Editor\Data\Tools\BuildPipeline\ScriptCompilationBuildProgram.exe" "Library/Bee/1900b0aE.dag.json" "Library/Bee/1900b0aE-inputdata.json" "Library\Bee\buildprogram0.traceevents"
WorkingDir: C:/Users/PC/GAMEDEV/GummiShip
ExitCode: 4 Duration: 0s213ms
[           0s] Csc Library/Bee/artifacts/1900b0aE.dag/UnityEngine.UI.dll (+2 others) [CacheMiss 6b5a760fa3abd9e8356a4349f9e6fb9000000000000000000000000000000006]
Rebuilding DAG because FileSignature timestamp changed: Library/Bee/1900b0aE-inputdata.json
*** Tundra requires additional run (0.19 seconds), 1 items updated, 588 evaluated
ExitCode: 0 Duration: 0s986ms
Starting: C:\Program Files\Unity\Hub\Editor\6000.6.0f1\Editor\Data\Tools\BuildPipeline\bee_backend.exe --ipc --defer-dag-verification --dagfile="Library/Bee/1900b0aE.dag" --continue-on-failure --dagfilejson="Library\Bee\1900b0aE.dag.json" --profile="Library/Bee/backend2.traceevents" ScriptAssemblies
WorkingDir: C:/Users/PC/GAMEDEV/GummiShip
warn: Unity.ILPP.Runner.PostProcessingAssemblyLoadContext[0]
      Assembly system.runtime.interopservices.windowsruntime has duplicate hint path. Ignoring "C:\Program Files\Unity\Hub\Editor\6000.6.0f1\Editor\Data\UnityReferenceAssemblies\unity-4.8-api\Facades\System.Runtime.InteropServices.WindowsRuntime.dll" in favor of "C:\Program Files\Unity\Hub\Editor\6000.6.0f1\Editor\Data\NetStandard\Extensions\2.0.0\System.Runtime.InteropServices.WindowsRuntime.dll"
warn: Unity.ILPP.Runner.PostProcessingAssemblyLoadContext[0]
      Assembly system.componentmodel.composition has duplicate hint path. Ignoring "C:\Program Files\Unity\Hub\Editor\6000.6.0f1\Editor\Data\UnityReferenceAssemblies\unity-4.8-api\System.ComponentModel.Composition.dll" in favor of "C:\Program Files\Unity\Hub\Editor\6000.6.0f1\Editor\Data\NetStandard\compat\2.1.0\shims\netfx\System.ComponentModel.Composition.dll"
ExitCode: 0 Duration: 17s
Finished compiling graph: 1072 nodes, 21226 flattened edges (18018 ToBuild, 166 ToUse), maximum node priority 1142
[  73/1069  0s] WriteText Library/Bee/artifacts/1900b0aE.dag/UnityEngine.TestRunner.rsp2
[  82/1069  0s] WriteText Library/Bee/artifacts/1900b0aE.dag/UnityEngine.TestRunner.UnityAdditionalFile.txt
[ 178/1069  0s] WriteText Library/Bee/artifacts/1900b0aE.dag/UnityEngine.UI.rsp2
[ 180/1069  0s] WriteText Library/Bee/artifacts/1900b0aE.dag/UnityEditor.TestRunner.UnityAdditionalFile.txt
[ 181/1069  0s] WriteText Library/Bee/artifacts/1900b0aE.dag/UnityEditor.UI.rsp2
[ 182/1069  0s] WriteText Library/Bee/artifacts/1900b0aE.dag/UnityEditor.TestRunner.rsp2
[ 184/1069  0s] WriteText Library/Bee/artifacts/1900b0aE.dag/UnityEditor.UI.UnityAdditionalFile.txt
[ 185/1069  0s] WriteText Library/Bee/artifacts/1900b0aE.dag/Unity.Burst.UnityAdditionalFile.txt
[ 186/1069  0s] WriteText Library/Bee/artifacts/1900b0aE.dag/UnityEngine.UI.UnityAdditionalFile.txt
[ 188/1069  0s] WriteText Library/Bee/artifacts/1900b0aE.dag/UnityEngine.UI.rsp
[ 190/1069  0s] WriteText Library/Bee/artifacts/1900b0aE.dag/UnityEditor.UI.rsp
[ 191/1069  0s] WriteText Library/Bee/artifacts/1900b0aE.dag/Unity.Collections.rsp2
[ 192/1069  0s] WriteText Library/Bee/artifacts/1900b0aE.dag/Unity.Burst.rsp2
[ 193/1069  0s] WriteText Library/Bee/artifacts/1900b0aE.dag/Unity.Collections.UnityAdditionalFile.txt
[ 194/1069  0s] WriteText Library/Bee/artifacts/1900b0aE.dag/Unity.Burst.rsp
[ 195/1069  0s] WriteText Library/Bee/artifacts/1900b0aE.dag/Unity.InputSystem.UnityAdditionalFile.txt
[ 197/1069  0s] WriteText Library/Bee/artifacts/1900b0aE.dag/Unity.Collections.CodeGen.UnityAdditionalFile.txt
[ 198/1069  0s] WriteText Library/Bee/artifacts/1900b0aE.dag/Unity.Collections.rsp
[ 202/1069  0s] WriteText Library/Bee/artifacts/1900b0aE.dag/Unity.InputSystem.rsp2
[ 203/1069  0s] WriteText Library/Bee/artifacts/1900b0aE.dag/Unity.RenderPipelines.Core.Runtime.UnityAdditionalFile.txt
[ 204/1069  0s] WriteText Library/Bee/artifacts/1900b0aE.dag/Unity.Collections.CodeGen.rsp2
[ 205/1069  0s] WriteText Library/Bee/artifacts/1900b0aE.dag/Unity.RenderPipelines.Core.Runtime.rsp2
[ 206/1069  0s] WriteText Library/Bee/artifacts/1900b0aE.dag/Unity.UnifiedRayTracing.Runtime.rsp2
[ 207/1069  0s] WriteText Library/Bee/artifacts/1900b0aE.dag/Unity.UnifiedRayTracing.Runtime.UnityAdditionalFile.txt
[ 208/1069  0s] WriteText Library/Bee/artifacts/1900b0aE.dag/Unity.UnifiedRayTracing.Runtime.rsp
[ 209/1069  0s] WriteText Library/Bee/artifacts/1900b0aE.dag/Unity.PathTracing.Runtime.UnityAdditionalFile.txt
[ 210/1069  0s] WriteText Library/Bee/artifacts/1900b0aE.dag/Unity.VisualScripting.Core.rsp2
[ 211/1069  0s] WriteText Library/Bee/artifacts/1900b0aE.dag/Unity.RenderPipelines.Core.Runtime.rsp
[ 214/1069  0s] WriteText Library/Bee/artifacts/1900b0aE.dag/Unity.Collections.CodeGen.rsp
[ 215/1069  0s] WriteText Library/Bee/artifacts/1900b0aE.dag/Unity.Profiling.Core.UnityAdditionalFile.txt
[ 218/1069  0s] WriteText Library/Bee/artifacts/1900b0aE.dag/Unity.InternalAPIEngineBridge.RenderPipelines.Core.Runtime.Shared.rsp2
[ 221/1069  0s] WriteText Library/Bee/artifacts/1900b0aE.dag/Unity.InternalAPIEngineBridge.RenderPipelines.Core.Runtime.Shared.UnityAdditionalFile.txt
[ 223/1069  0s] WriteText Library/Bee/artifacts/1900b0aE.dag/Unity.RenderPipelines.GPUDriven.Runtime.rsp2
[ 224/1069  0s] WriteText Library/Bee/artifacts/1900b0aE.dag/Unity.PathTracing.Runtime.rsp
[ 225/1069  0s] WriteText Library/Bee/artifacts/1900b0aE.dag/Unity.VisualScripting.Core.UnityAdditionalFile.txt
[ 226/1069  0s] WriteText Library/Bee/artifacts/1900b0aE.dag/Unity.Profiling.Core.rsp
[ 227/1069  0s] WriteText Library/Bee/artifacts/1900b0aE.dag/Unity.Profiling.Core.rsp2
[ 228/1069  0s] WriteText Library/Bee/artifacts/1900b0aE.dag/Unity.PathTracing.Runtime.rsp2
[ 229/1069  0s] WriteText Library/Bee/artifacts/1900b0aE.dag/Unity.RenderPipelines.Core.Runtime.Shared.UnityAdditionalFile.txt
[ 230/1069  0s] WriteText Library/Bee/artifacts/1900b0aE.dag/Unity.RenderPipelines.Core.Runtime.Shared.rsp2
[ 231/1069  0s] WriteText Library/Bee/artifacts/1900b0aE.dag/Unity.InternalAPIEngineBridge.RenderPipelines.Core.Runtime.Shared.rsp
[ 232/1069  0s] WriteText Library/Bee/artifacts/1900b0aE.dag/Unity.VisualScripting.Core.rsp
[ 234/1069  0s] WriteText Library/Bee/artifacts/1900b0aE.dag/Unity.RenderPipeline.Universal.ShaderLibrary.UnityAdditionalFile.txt
[ 236/1069  0s] WriteText Library/Bee/artifacts/1900b0aE.dag/Unity.SurfaceCache.Runtime.UnityAdditionalFile.txt
[ 239/1069  0s] WriteText Library/Bee/artifacts/1900b0aE.dag/Unity.RenderPipelines.Universal.Config.Runtime.rsp2
[ 240/1069  0s] WriteText Library/Bee/artifacts/1900b0aE.dag/Unity.RenderPipeline.Universal.ShaderLibrary.rsp2
[ 243/1069  0s] WriteText Library/Bee/artifacts/1900b0aE.dag/Unity.SurfaceCache.Runtime.rsp2
[ 244/1069  0s] WriteText Library/Bee/artifacts/1900b0aE.dag/Unity.InternalAPIEngineBridge.ObjectDispatcher.Runtime.rsp2
[ 245/1069  0s] WriteText Library/Bee/artifacts/1900b0aE.dag/Unity.RenderPipelines.Universal.Config.Runtime.UnityAdditionalFile.txt
[ 246/1069  0s] WriteText Library/Bee/artifacts/1900b0aE.dag/Unity.RenderPipelines.GPUDriven.Runtime.rsp
[ 247/1069  0s] WriteText Library/Bee/artifacts/1900b0aE.dag/Unity.InternalAPIEngineBridge.ObjectDispatcher.Runtime.UnityAdditionalFile.txt
[ 250/1069  0s] WriteText Library/Bee/artifacts/1900b0aE.dag/Unity.VisualScripting.Flow.UnityAdditionalFile.txt
[ 251/1069  0s] WriteText Library/Bee/artifacts/1900b0aE.dag/Unity.VisualScripting.Flow.rsp2
[ 252/1069  0s] WriteText Library/Bee/artifacts/1900b0aE.dag/Unity.RenderPipelines.Core.Runtime.Shared.rsp
[ 253/1069  0s] WriteText Library/Bee/artifacts/1900b0aE.dag/Unity.SurfaceCache.Runtime.rsp
[ 254/1069  0s] WriteText Library/Bee/artifacts/1900b0aE.dag/Unity.RenderPipeline.Universal.ShaderLibrary.rsp
[ 255/1069  0s] WriteText Library/Bee/artifacts/1900b0aE.dag/Unity.InternalAPIEngineBridge.ObjectDispatcher.Runtime.rsp
[ 258/1069  0s] WriteText Library/Bee/artifacts/1900b0aE.dag/Unity.RenderPipelines.GPUDriven.Runtime.UnityAdditionalFile.txt
[ 260/1069  0s] WriteText Library/Bee/artifacts/1900b0aE.dag/Unity.PathTracing.Editor.UnityAdditionalFile.txt
[ 261/1069  0s] WriteText Library/Bee/artifacts/1900b0aE.dag/Unity.InternalAPIEngineBridge.RenderPipelines.Core.Editor.rsp2
[ 264/1069  0s] WriteText Library/Bee/artifacts/1900b0aE.dag/Unity.RenderPipelines.Universal.Runtime.rsp2
[ 265/1069  0s] WriteText Library/Bee/artifacts/1900b0aE.dag/Unity.PathTracing.Editor.rsp2
[ 266/1069  0s] WriteText Library/Bee/artifacts/1900b0aE.dag/Unity.VisualScripting.Core.Editor.UnityAdditionalFile.txt
[ 267/1069  0s] WriteResponseFile Library/Bee/artifacts/rsp/4747638433968585886.rsp
[ 268/1069  0s] WriteText Library/Bee/artifacts/1900b0aE.dag/Unity.InternalAPIEngineBridge.RenderPipelines.Core.Editor.UnityAdditionalFile.txt
[ 269/1069  0s] WriteText Library/Bee/artifacts/1900b0aE.dag/Unity.RenderPipelines.Universal.Runtime.UnityAdditionalFile.txt
[ 270/1069  0s] WriteText Library/Bee/artifacts/1900b0aE.dag/Unity.VisualScripting.Flow.rsp
[ 271/1069  0s] WriteText Library/Bee/artifacts/1900b0aE.dag/Unity.VisualScripting.Core.Editor.rsp2
[ 272/1069  0s] WriteText Library/Bee/artifacts/1900b0aE.dag/Unity.PathTracing.Editor.rsp
[ 275/1069  0s] WriteText Library/Bee/artifacts/1900b0aE.dag/Unity.RenderPipelines.Core.Editor.UnityAdditionalFile.txt
[ 276/1069  0s] WriteText Library/Bee/artifacts/1900b0aE.dag/Unity.RenderPipelines.Universal.Runtime.rsp
[ 277/1069  0s] WriteText Library/Bee/artifacts/1900b0aE.dag/Unity.InternalAPIEngineBridge.RenderPipelines.Core.Editor.rsp
[ 278/1069  0s] WriteText Library/Bee/artifacts/1900b0aE.dag/Unity.RenderPipelines.Core.Editor.rsp2
[ 279/1069  0s] WriteText Library/Bee/artifacts/1900b0aE.dag/Unity.RenderPipelines.Universal.Config.Runtime.rsp
[ 280/1069  0s] WriteText Library/Bee/artifacts/1900b0aE.dag/Unity.VisualScripting.Core.Editor.rsp
[ 281/1069  0s] WriteText Library/Bee/artifacts/1900b0aE.dag/Unity.ProBuilder.KdTree.UnityAdditionalFile.txt
[ 282/1069  0s] WriteText Library/Bee/artifacts/1900b0aE.dag/Unity.ProBuilder.KdTree.rsp2
[ 283/1069  0s] WriteText Library/Bee/artifacts/1900b0aE.dag/Unity.ProBuilder.Poly2Tri.UnityAdditionalFile.txt
[ 284/1069  0s] WriteText Library/Bee/artifacts/1900b0aE.dag/Unity.VisualScripting.State.UnityAdditionalFile.txt
[ 285/1069  0s] WriteText Library/Bee/artifacts/1900b0aE.dag/Unity.ProBuilder.Poly2Tri.rsp2
[ 286/1069  0s] WriteText Library/Bee/artifacts/1900b0aE.dag/Unity.VisualScripting.Flow.Editor.rsp2
[ 287/1069  0s] WriteText Library/Bee/artifacts/1900b0aE.dag/Unity.VisualScripting.Flow.Editor.UnityAdditionalFile.txt
[ 288/1069  0s] WriteText Library/Bee/artifacts/1900b0aE.dag/Unity.VisualScripting.State.rsp2
[ 290/1069  0s] WriteText Library/Bee/artifacts/1900b0aE.dag/Unity.Searcher.Editor.UnityAdditionalFile.txt
[ 291/1069  0s] WriteText Library/Bee/artifacts/1900b0aE.dag/Unity.ProBuilder.KdTree.rsp
[ 292/1069  0s] WriteText Library/Bee/artifacts/1900b0aE.dag/Unity.InternalAPIEditorBridge.ShaderGraph.Editor.rsp2
[ 293/1069  0s] WriteText Library/Bee/artifacts/1900b0aE.dag/Unity.Searcher.Editor.rsp2
[ 294/1069  0s] WriteText Library/Bee/artifacts/1900b0aE.dag/Unity.ProBuilder.Poly2Tri.rsp
[ 295/1069  0s] WriteText Library/Bee/artifacts/1900b0aE.dag/Unity.InternalAPIEditorBridge.ShaderGraph.Editor.UnityAdditionalFile.txt
[ 296/1069  0s] WriteText Library/Bee/artifacts/1900b0aE.dag/Unity.GraphAuthoring.Editor.rsp2
[ 297/1069  0s] WriteText Library/Bee/artifacts/1900b0aE.dag/Unity.InternalAPIEngineBridge.004.rsp2
[ 298/1069  0s] WriteText Library/Bee/artifacts/1900b0aE.dag/Unity.InternalAPIEngineBridge.004.UnityAdditionalFile.txt
[ 299/1069  0s] WriteText Library/Bee/artifacts/1900b0aE.dag/Unity.GraphAuthoring.Editor.UnityAdditionalFile.txt
[ 300/1069  0s] WriteText Library/Bee/artifacts/1900b0aE.dag/Unity.AI.Navigation.Editor.ConversionSystem.UnityAdditionalFile.txt
[ 301/1069  0s] WriteText Library/Bee/artifacts/1900b0aE.dag/Unity.AI.Navigation.rsp2
[ 302/1069  0s] WriteText Library/Bee/artifacts/1900b0aE.dag/Unity.AI.Navigation.Editor.ConversionSystem.rsp2
[ 309/1069  0s] WriteText Library/Bee/artifacts/1900b0aE.dag/Unity.AI.Navigation.UnityAdditionalFile.txt
[ 310/1069  0s] WriteText Library/Bee/artifacts/1900b0aE.dag/Unity.ProBuilder.rsp2
[ 311/1069  0s] WriteText Library/Bee/artifacts/1900b0aE.dag/Unity.ProBuilder.UnityAdditionalFile.txt
[ 313/1069  0s] WriteText Library/Bee/artifacts/1900b0aE.dag/Unity.Settings.Editor.UnityAdditionalFile.txt
[ 315/1069  0s] WriteText Library/Bee/artifacts/1900b0aE.dag/Unity.ShaderGraph.Utilities.UnityAdditionalFile.txt
[ 318/1069  0s] WriteText Library/Bee/artifacts/1900b0aE.dag/Unity.ProBuilder.AssetIdRemapUtility.UnityAdditionalFile.txt
[ 319/1069  0s] WriteText Library/Bee/artifacts/1900b0aE.dag/Unity.ProBuilder.AssetIdRemapUtility.rsp2
[ 320/1069  0s] WriteText Library/Bee/artifacts/1900b0aE.dag/Unity.ShaderGraph.Utilities.rsp2
[ 321/1069  0s] WriteText Library/Bee/artifacts/1900b0aE.dag/Unity.Settings.Editor.rsp2
[ 322/1069  0s] WriteText Library/Bee/artifacts/1900b0aE.dag/Unity.VisualScripting.Flow.Editor.rsp
[ 325/1069  0s] WriteText Library/Bee/artifacts/1900b0aE.dag/Unity.RenderPipelines.Core.Editor.rsp
[ 326/1069  0s] WriteText Library/Bee/artifacts/1900b0aE.dag/Unity.VisualScripting.State.rsp
[ 328/1069  0s] WriteText Library/Bee/artifacts/1900b0aE.dag/Unity.GraphAuthoring.Editor.rsp
[ 329/1069  0s] WriteText Library/Bee/artifacts/1900b0aE.dag/Unity.InternalAPIEditorBridge.ShaderGraph.Editor.rsp
[ 330/1069  0s] WriteText Library/Bee/artifacts/1900b0aE.dag/Unity.ProBuilder.Stl.UnityAdditionalFile.txt
[ 331/1069  0s] WriteText Library/Bee/artifacts/1900b0aE.dag/Unity.ProBuilder.Csg.UnityAdditionalFile.txt
[ 332/1069  0s] WriteText Library/Bee/artifacts/1900b0aE.dag/Unity.ProBuilder.Stl.rsp2
[ 335/1069  0s] WriteText Library/Bee/artifacts/1900b0aE.dag/Unity.ProBuilder.Csg.rsp2
[ 336/1069  0s] WriteText Library/Bee/artifacts/1900b0aE.dag/Unity.InternalAPIEngineBridge.004.rsp
[ 337/1069  0s] WriteText Library/Bee/artifacts/1900b0aE.dag/Unity.Settings.Editor.rsp
[ 338/1069  0s] WriteText Library/Bee/artifacts/1900b0aE.dag/Unity.AI.Navigation.rsp
[ 339/1069  0s] WriteText Library/Bee/artifacts/1900b0aE.dag/Unity.PlasticSCM.Editor.rsp2
[ 340/1069  0s] WriteText Library/Bee/artifacts/1900b0aE.dag/Unity.AI.Navigation.Editor.ConversionSystem.rsp
[ 341/1069  0s] WriteText Library/Bee/artifacts/1900b0aE.dag/Unity.ProBuilder.AssetIdRemapUtility.rsp
[ 342/1069  0s] WriteText Library/Bee/artifacts/1900b0aE.dag/Unity.RenderPipelines.Core.Editor.Shared.UnityAdditionalFile.txt
[ 343/1069  0s] WriteText Library/Bee/artifacts/1900b0aE.dag/Unity.PlasticSCM.Editor.UnityAdditionalFile.txt
[ 344/1069  0s] WriteText Library/Bee/artifacts/1900b0aE.dag/Unity.ProBuilder.rsp
[ 345/1069  0s] WriteText Library/Bee/artifacts/1900b0aE.dag/Unity.ProBuilder.Stl.rsp
[ 347/1069  0s] WriteText Library/Bee/artifacts/1900b0aE.dag/Unity.ShaderGraph.Utilities.rsp
[ 348/1069  0s] WriteText Library/Bee/artifacts/1900b0aE.dag/Unity.TextMeshPro.rsp2
[ 349/1069  0s] WriteText Library/Bee/artifacts/1900b0aE.dag/Unity.RenderPipelines.Core.Editor.Shared.rsp2
[ 350/1069  0s] WriteText Library/Bee/artifacts/1900b0aE.dag/Unity.ProBuilder.Csg.rsp
[ 351/1069  0s] WriteText Library/Bee/artifacts/1900b0aE.dag/Unity.ShaderGraph.Editor.UnityAdditionalFile.txt
[ 352/1069  0s] WriteText Library/Bee/artifacts/1900b0aE.dag/Unity.TextMeshPro.UnityAdditionalFile.txt
[ 353/1069  0s] WriteText Library/Bee/artifacts/1900b0aE.dag/Unity.ShaderGraph.Editor.rsp2
[ 354/1069  0s] WriteText Library/Bee/artifacts/1900b0aE.dag/Unity.Timeline.rsp2
[ 355/1069  0s] WriteText Library/Bee/artifacts/1900b0aE.dag/Unity.RenderPipelines.Universal.2D.Runtime.rsp2
[ 356/1069  0s] WriteText Library/Bee/artifacts/1900b0aE.dag/Unity.RenderPipelines.Universal.2D.Runtime.UnityAdditionalFile.txt
[ 358/1069  0s] WriteText Library/Bee/artifacts/1900b0aE.dag/Unity.Timeline.UnityAdditionalFile.txt
[ 362/1069  0s] WriteText Library/Bee/artifacts/1900b0aE.dag/Unity.AI.Navigation.Editor.UnityAdditionalFile.txt
[ 363/1069  0s] WriteText Library/Bee/artifacts/1900b0aE.dag/Unity.AI.Navigation.Editor.rsp2
[ 364/1069  0s] WriteText Library/Bee/artifacts/1900b0aE.dag/Unity.ProBuilder.Editor.rsp2
[ 366/1069  0s] WriteText Library/Bee/artifacts/1900b0aE.dag/Unity.VisualScripting.State.Editor.rsp2
[ 368/1069  0s] WriteText Library/Bee/artifacts/1900b0aE.dag/Unity.InputSystem.ForUI.rsp2
[ 370/1069  0s] WriteText Library/Bee/artifacts/1900b0aE.dag/Unity.VisualScripting.State.Editor.UnityAdditionalFile.txt
[ 373/1069  0s] WriteText Library/Bee/artifacts/1900b0aE.dag/Unity.ProBuilder.Editor.UnityAdditionalFile.txt
[ 375/1069  0s] WriteText Library/Bee/artifacts/1900b0aE.dag/Unity.InputSystem.ForUI.UnityAdditionalFile.txt
[ 376/1069  0s] WriteText Library/Bee/artifacts/1900b0aE.dag/Unity.PlasticSCM.Editor.rsp
[ 377/1069  0s] WriteText Library/Bee/artifacts/1900b0aE.dag/Unity.RenderPipelines.Universal.2D.Runtime.rsp
[ 378/1069  0s] WriteText Library/Bee/artifacts/1900b0aE.dag/Unity.RenderPipelines.Core.Editor.Shared.rsp
[ 379/1069  0s] WriteText Library/Bee/artifacts/1900b0aE.dag/Unity.TextMeshPro.rsp
[ 380/1069  0s] WriteText Library/Bee/artifacts/1900b0aE.dag/Unity.ShaderGraph.Editor.rsp
[ 381/1069  0s] WriteText Library/Bee/artifacts/1900b0aE.dag/Unity.Rider.Editor.rsp2
[ 382/1069  0s] WriteText Library/Bee/artifacts/1900b0aE.dag/Unity.VisualScripting.State.Editor.rsp
[ 383/1069  0s] WriteText Library/Bee/artifacts/1900b0aE.dag/Unity.ProBuilder.Editor.rsp
[ 384/1069  0s] WriteText Library/Bee/artifacts/1900b0aE.dag/Unity.Timeline.rsp
[ 385/1069  0s] WriteText Library/Bee/artifacts/1900b0aE.dag/Unity.VisualStudio.Editor.rsp2
[ 386/1069  0s] WriteText Library/Bee/artifacts/1900b0aE.dag/Unity.RenderPipelines.ShaderGraph.ShaderGraphLibrary.UnityAdditionalFile.txt
[ 387/1069  0s] WriteText Library/Bee/artifacts/1900b0aE.dag/Unity.Collections.Tests.CoreCLR.PrivateJobNested.UnityAdditionalFile.txt
[ 388/1069  0s] WriteText Library/Bee/artifacts/1900b0aE.dag/Unity.AI.Navigation.Updater.UnityAdditionalFile.txt
[ 389/1069  0s] WriteText Library/Bee/artifacts/1900b0aE.dag/Unity.AI.Navigation.Editor.rsp
[ 390/1069  0s] WriteText Library/Bee/artifacts/1900b0aE.dag/Unity.RenderPipelines.ShaderGraph.ShaderGraphLibrary.rsp2
[ 391/1069  0s] WriteText Library/Bee/artifacts/1900b0aE.dag/Unity.VisualStudio.Editor.UnityAdditionalFile.txt
[ 392/1069  0s] WriteText Library/Bee/artifacts/1900b0aE.dag/Unity.RenderPipelines.Universal.2D.Editor.Overrides.UnityAdditionalFile.txt
[ 393/1069  0s] WriteText Library/Bee/artifacts/1900b0aE.dag/Unity.AI.Navigation.Updater.rsp2
[ 394/1069  0s] WriteText Library/Bee/artifacts/1900b0aE.dag/Unity.RenderPipelines.Universal.2D.Editor.Overrides.rsp2
[ 395/1069  0s] WriteText Library/Bee/artifacts/1900b0aE.dag/Unity.Collections.Editor.UnityAdditionalFile.txt
[ 396/1069  0s] WriteText Library/Bee/artifacts/1900b0aE.dag/Unity.RenderPipelines.Universal.Editor.rsp2
[ 397/1069  0s] WriteText Library/Bee/artifacts/1900b0aE.dag/Unity.RenderPipelines.Universal.Editor.UnityAdditionalFile.txt
[ 398/1069  0s] WriteText Library/Bee/artifacts/1900b0aE.dag/UnityEditor.UI.Analytics.rsp2
[ 399/1069  0s] WriteText Library/Bee/artifacts/1900b0aE.dag/Unity.RenderPipelines.Universal.Shaders.UnityAdditionalFile.txt
[ 400/1069  0s] WriteText Library/Bee/artifacts/1900b0aE.dag/Unity.Rider.Editor.UnityAdditionalFile.txt
[ 401/1069  0s] WriteText Library/Bee/artifacts/1900b0aE.dag/Unity.Collections.Editor.rsp2
[ 402/1069  0s] WriteText Library/Bee/artifacts/1900b0aE.dag/Unity.VisualScripting.Shared.Editor.rsp2
[ 403/1069  0s] WriteText Library/Bee/artifacts/1900b0aE.dag/Unity.Collections.Tests.CoreCLR.InternalJobNestedPrivate.UnityAdditionalFile.txt
[ 404/1069  0s] WriteText Library/Bee/artifacts/1900b0aE.dag/Unity.Collections.Tests.CoreCLR.PrivateJobNested.rsp2
[ 405/1069  0s] WriteText Library/Bee/artifacts/1900b0aE.dag/Unity.Collections.Tests.CoreCLR.InternalJobNestedPrivate.rsp2
[ 406/1069  0s] WriteText Library/Bee/artifacts/1900b0aE.dag/Unity.RenderPipelines.Universal.Shaders.rsp2
[ 407/1069  0s] WriteText Library/Bee/artifacts/1900b0aE.dag/UnityEditor.UI.Analytics.UnityAdditionalFile.txt
[ 408/1069  0s] WriteText Library/Bee/artifacts/1900b0aE.dag/Unity.Collections.Tests.CoreCLR.ProtectedJobNested.rsp2
[ 409/1069  0s] WriteText Library/Bee/artifacts/1900b0aE.dag/Unity.Collections.Tests.CoreCLR.ProtectedJobNested.UnityAdditionalFile.txt
[ 410/1069  0s] WriteText Library/Bee/artifacts/1900b0aE.dag/Unity.Rendering.LightTransport.Editor.UnityAdditionalFile.txt
[ 411/1069  0s] WriteText Library/Bee/artifacts/1900b0aE.dag/Unity.Collections.Tests.CoreCLR.PublicJobPrivateGeneric.rsp2
[ 412/1069  0s] WriteText Library/Bee/artifacts/1900b0aE.dag/Unity.Rendering.LightTransport.Editor.rsp2
[ 413/1069  0s] WriteText Library/Bee/artifacts/1900b0aE.dag/Unity.Collections.Tests.CoreCLR.PublicJobPrivateGeneric.UnityAdditionalFile.txt
[ 414/1069  0s] WriteText Library/Bee/artifacts/1900b0aE.dag/Unity.InputSystem.ForUI.Editor.UnityAdditionalFile.txt
[ 415/1069  0s] WriteText Library/Bee/artifacts/1900b0aE.dag/Unity.InputSystem.ForUI.Editor.rsp2
[ 416/1069  0s] WriteText Library/Bee/artifacts/1900b0aE.dag/Unity.TextMeshPro.Editor.UnityAdditionalFile.txt
[ 417/1069  0s] WriteText Library/Bee/artifacts/1900b0aE.dag/Unity.PlasticSCM.Editor.Assistant.UnityAdditionalFile.txt
[ 418/1069  0s] WriteText Library/Bee/artifacts/1900b0aE.dag/Unity.Timeline.Editor.UnityAdditionalFile.txt
[ 425/1069  0s] WriteText Library/Bee/artifacts/1900b0aE.dag/Unity.ProBuilder.AddOns.Editor.UnityAdditionalFile.txt
[ 432/1069  0s] WriteText Library/Bee/artifacts/1900b0aE.dag/Unity.TextMeshPro.Editor.rsp2
[ 434/1069  0s] WriteText Library/Bee/artifacts/1900b0aE.dag/Unity.PlasticSCM.Editor.Assistant.rsp2
[ 446/1069  0s] WriteText Library/Bee/artifacts/1900b0aE.dag/Unity.Timeline.Editor.rsp2
[ 448/1069  0s] WriteText Library/Bee/artifacts/1900b0aE.dag/Unity.ProBuilder.AddOns.Editor.rsp2
[ 449/1069  0s] WriteText Library/Bee/artifacts/1900b0aE.dag/Unity.VisualScripting.SettingsProvider.Editor.UnityAdditionalFile.txt
[ 450/1069  0s] WriteText Library/Bee/artifacts/1900b0aE.dag/Unity.VisualScripting.SettingsProvider.Editor.rsp2
[ 451/1069  0s] WriteText Library/Bee/artifacts/1900b0aE.dag/Unity.RenderPipelines.Core.ShaderLibrary.rsp2
[ 452/1069  0s] WriteText Library/Bee/artifacts/1900b0aE.dag/Unity.RenderPipelines.Core.ShaderLibrary.UnityAdditionalFile.txt
[ 453/1069  0s] WriteText Library/Bee/artifacts/1900b0aE.dag/Unity.VisualScripting.Shared.Editor.UnityAdditionalFile.txt
[ 454/1069  0s] WriteText Library/Bee/artifacts/1900b0aE.dag/Unity.RenderPipelines.ShaderGraph.ShaderGraphLibrary.rsp
[ 455/1069  0s] WriteText Library/Bee/artifacts/1900b0aE.dag/Unity.RenderPipelines.Universal.2D.Editor.Overrides.rsp
[ 456/1069  0s] WriteText Library/Bee/artifacts/1900b0aE.dag/Unity.PlasticSCM.Editor.Assistant.rsp
[ 457/1069  0s] WriteText Library/Bee/artifacts/1900b0aE.dag/Unity.RenderPipelines.Universal.Editor.rsp
[ 458/1069  0s] WriteText Library/Bee/artifacts/1900b0aE.dag/Unity.RenderPipelines.Universal.Shaders.rsp
[ 459/1069  0s] WriteText Library/Bee/artifacts/1900b0aE.dag/Unity.Collections.Tests.CoreCLR.ProtectedJobNested.rsp
[ 460/1069  0s] WriteText Library/Bee/artifacts/1900b0aE.dag/Unity.VisualScripting.SettingsProvider.Editor.rsp
[ 461/1069  0s] WriteText Library/Bee/artifacts/1900b0aE.dag/Unity.Timeline.Editor.rsp
[ 462/1069  0s] WriteText Library/Bee/artifacts/1900b0aE.dag/Unity.TextMeshPro.Editor.rsp
[ 463/1069  0s] WriteText Library/Bee/artifacts/1900b0aE.dag/Unity.ProBuilder.AddOns.Editor.rsp
[ 464/1069  0s] WriteText Library/Bee/artifacts/1900b0aE.dag/Unity.Rendering.LightTransport.Editor.rsp
[ 467/1069  0s] WriteText Library/Bee/artifacts/1900b0aE.dag/Unity.RenderPipelines.Core.ShaderLibrary.rsp
[ 470/1069  0s] WriteText Library/Bee/artifacts/1900b0aE.dag/Unity.VisualScripting.Shared.Editor.rsp
[ 476/1069  0s] WriteText Library/Bee/artifacts/1900b0aE.dag/Unity.Collections.Tests.CoreCLR.PublicJobPrivateGeneric.rsp
[ 477/1069  0s] WriteText Library/Bee/artifacts/1900b0aE.dag/Unity.Collections.Editor.rsp
[ 479/1069  0s] WriteText Library/Bee/artifacts/1900b0aE.dag/Unity.PerformanceTesting.rsp2
[ 480/1069  0s] WriteText Library/Bee/artifacts/1900b0aE.dag/Unity.Collections.Tests.CoreCLR.InternalJobNestedPrivate.rsp
[ 482/1069  0s] WriteText Library/Bee/artifacts/1900b0aE.dag/Unity.Collections.Tests.CoreCLR.PrivateJobNested.rsp
[ 483/1069  0s] WriteText Library/Bee/artifacts/1900b0aE.dag/Unity.AI.Navigation.Updater.rsp
[ 486/1069  0s] WriteText Library/Bee/artifacts/1900b0aE.dag/Unity.PerformanceTesting.UnityAdditionalFile.txt
[ 488/1069  0s] WriteText Library/Bee/artifacts/1900b0aE.dag/UnityEditor.UI.Analytics.rsp
[ 489/1069  0s] WriteText Library/Bee/artifacts/1900b0aE.dag/Assembly-CSharp.UnityAdditionalFile.txt
[ 490/1069  0s] WriteText Library/Bee/artifacts/1900b0aE.dag/Unity.InputSystem.TestFramework.UnityAdditionalFile.txt
[ 491/1069  0s] WriteText Library/Bee/artifacts/1900b0aE.dag/Unity.VisualScripting.DocCodeExamples.UnityAdditionalFile.txt
[ 492/1069  0s] WriteText Library/Bee/artifacts/1900b0aE.dag/Unity.InputSystem.TestFramework.rsp2
[ 493/1069  0s] WriteText Library/Bee/artifacts/1900b0aE.dag/Unity.VisualScripting.DocCodeExamples.rsp2
[ 494/1069  0s] WriteText Library/Bee/artifacts/1900b0aE.dag/Unity.VisualScripting.DocCodeExamples.rsp
[ 495/1069  0s] WriteText Library/Bee/artifacts/1900b0aE.dag/Unity.CollabProxy.Editor.UnityAdditionalFile.txt
[ 499/1069  0s] WriteResponseFile Library/Bee/artifacts/rsp/14832617886295879631.rsp
[ 500/1069  0s] WriteResponseFile Library/Bee/artifacts/rsp/1418726328684876121.rsp
[ 501/1069  0s] WriteText Library/Bee/artifacts/1900b0aE.dag/Unity.PlasticSCM.Editor.Entities.rsp2
[ 502/1069  0s] WriteText Library/Bee/artifacts/1900b0aE.dag/Assembly-CSharp-Editor.UnityAdditionalFile.txt
[ 503/1069  0s] WriteText Library/Bee/artifacts/1900b0aE.dag/Unity.PlasticSCM.Editor.Entities.UnityAdditionalFile.txt
[ 504/1069  0s] WriteText Library/Bee/artifacts/1900b0aE.dag/Unity.PerformanceTesting.Editor.rsp2
[ 505/1069  0s] WriteResponseFile Library/Bee/artifacts/rsp/18218310762646611085.rsp
[ 506/1069  0s] WriteResponseFile Library/Bee/artifacts/rsp/17346584914308636752.rsp
[ 507/1069  0s] WriteText Library/Bee/artifacts/1900b0aE.dag/Unity.PerformanceTesting.Editor.UnityAdditionalFile.txt
[ 508/1069  0s] WriteText Library/Bee/artifacts/1900b0aE.dag/Unity.InputSystem.DocCodeSamples.rsp2
[ 509/1069  0s] WriteText Library/Bee/artifacts/1900b0aE.dag/Unity.InputSystem.DocCodeSamples.UnityAdditionalFile.txt
[ 510/1069  0s] WriteText Library/Bee/artifacts/1900b0aE.dag/Unity.PlasticSCM.Editor.Entities.rsp
[ 511/1069  0s] WriteResponseFile Library/Bee/artifacts/rsp/7606483801609891643.rsp
[ 512/1069  0s] WriteResponseFile Library/Bee/artifacts/rsp/15966515983506956808.rsp
[ 513/1069  0s] WriteResponseFile Library/Bee/artifacts/rsp/10745884157788120225.rsp
[ 514/1069  0s] WriteResponseFile Library/Bee/artifacts/rsp/5658204686568100546.rsp
[ 515/1069  0s] WriteResponseFile Library/Bee/artifacts/rsp/9231891881196895936.rsp
[ 516/1069  0s] WriteResponseFile Library/Bee/artifacts/rsp/13909235412005675431.rsp
[ 517/1069  0s] WriteText Library/Bee/artifacts/1900b0aE.dag/Unity.CollabProxy.Editor.rsp
[ 518/1069  0s] WriteText Library/Bee/artifacts/1900b0aE.dag/Unity.CollabProxy.Editor.rsp2
[ 519/1069  0s] WriteResponseFile Library/Bee/artifacts/rsp/371313552957789180.rsp
[ 520/1069  0s] WriteResponseFile Library/Bee/artifacts/rsp/3232911574759799904.rsp
[ 521/1069  0s] WriteResponseFile Library/Bee/artifacts/rsp/5803490648119114145.rsp
[ 522/1069  0s] WriteResponseFile Library/Bee/artifacts/rsp/8899139255040401798.rsp
[ 523/1069  0s] WriteResponseFile Library/Bee/artifacts/rsp/10678863128556690338.rsp
[ 524/1069  0s] WriteResponseFile Library/Bee/artifacts/rsp/1237274906319909237.rsp
[ 525/1069  0s] WriteResponseFile Library/Bee/artifacts/rsp/9870516708743257357.rsp
[ 526/1069  0s] WriteResponseFile Library/Bee/artifacts/rsp/17525389461119239690.rsp
[ 527/1069  0s] WriteResponseFile Library/Bee/artifacts/rsp/4014436084419441659.rsp
[ 528/1069  0s] WriteResponseFile Library/Bee/artifacts/rsp/2897256077774953845.rsp
[ 529/1069  0s] WriteResponseFile Library/Bee/artifacts/rsp/5249134988916615986.rsp
[ 530/1069  0s] WriteResponseFile Library/Bee/artifacts/rsp/11294775302662683298.rsp
[ 531/1069  0s] WriteResponseFile Library/Bee/artifacts/rsp/15183482696195477058.rsp
[ 532/1069  0s] WriteResponseFile Library/Bee/artifacts/rsp/3064155424177982801.rsp
[ 533/1069  0s] WriteResponseFile Library/Bee/artifacts/rsp/2157608619508796868.rsp
[ 534/1069  0s] WriteResponseFile Library/Bee/artifacts/rsp/9362519405459664194.rsp
[ 535/1069  0s] WriteResponseFile Library/Bee/artifacts/rsp/13470454050998269204.rsp
[ 536/1069  0s] WriteResponseFile Library/Bee/artifacts/rsp/5546506141355401238.rsp
[ 537/1069  0s] WriteResponseFile Library/Bee/artifacts/rsp/10571807241835812913.rsp
[ 538/1069  0s] WriteResponseFile Library/Bee/artifacts/rsp/14316143403170570236.rsp
[ 539/1069  0s] WriteResponseFile Library/Bee/artifacts/rsp/15085861467720516389.rsp
[ 540/1069  0s] WriteResponseFile Library/Bee/artifacts/rsp/10882039081662076641.rsp
[ 541/1069  0s] WriteResponseFile Library/Bee/artifacts/rsp/4691676790321305727.rsp
[ 542/1069  0s] WriteResponseFile Library/Bee/artifacts/rsp/3071285868016441895.rsp
[ 543/1069  0s] WriteResponseFile Library/Bee/artifacts/rsp/10397561839769426034.rsp
[ 544/1069  0s] WriteResponseFile Library/Bee/artifacts/rsp/10411718816959651794.rsp
[ 545/1069  0s] WriteResponseFile Library/Bee/artifacts/rsp/10010842633742469623.rsp
[ 546/1069  0s] WriteResponseFile Library/Bee/artifacts/rsp/11787665206494273547.rsp
[ 547/1069  0s] WriteResponseFile Library/Bee/artifacts/rsp/13686715218353603589.rsp
[ 548/1069  0s] WriteResponseFile Library/Bee/artifacts/rsp/6083568660615989563.rsp
[ 549/1069  0s] WriteResponseFile Library/Bee/artifacts/rsp/12900333509587573630.rsp
[ 550/1069  0s] WriteResponseFile Library/Bee/artifacts/rsp/17723086061372457914.rsp
[ 551/1069  0s] WriteResponseFile Library/Bee/artifacts/rsp/11820488456832421373.rsp
[ 552/1069  0s] WriteResponseFile Library/Bee/artifacts/rsp/14022153576099422025.rsp
[ 553/1069  0s] WriteResponseFile Library/Bee/artifacts/rsp/9111662996337956171.rsp
[ 554/1069  0s] WriteResponseFile Library/Bee/artifacts/rsp/1723042715960067801.rsp
[ 555/1069  0s] WriteResponseFile Library/Bee/artifacts/rsp/15154896315304165303.rsp
[ 556/1069  0s] WriteResponseFile Library/Bee/artifacts/rsp/5652260764500437206.rsp
[ 557/1069  0s] WriteResponseFile Library/Bee/artifacts/rsp/5440508632015449564.rsp
[ 558/1069  0s] WriteResponseFile Library/Bee/artifacts/rsp/1478594098268573080.rsp
[ 559/1069  0s] WriteResponseFile Library/Bee/artifacts/rsp/16285879237017002407.rsp
[ 560/1069  0s] WriteResponseFile Library/Bee/artifacts/rsp/6413563044966999158.rsp
[ 561/1069  0s] WriteResponseFile Library/Bee/artifacts/rsp/12912871946893575143.rsp
[ 562/1069  0s] WriteResponseFile Library/Bee/artifacts/rsp/9703144790800738880.rsp
[ 563/1069  0s] WriteResponseFile Library/Bee/artifacts/rsp/12812556936427222528.rsp
[ 564/1069  0s] WriteResponseFile Library/Bee/artifacts/rsp/9822160241446076777.rsp
[ 565/1069  0s] WriteResponseFile Library/Bee/artifacts/rsp/6841316898876630997.rsp
[ 566/1069  0s] WriteResponseFile Library/Bee/artifacts/rsp/2655319114021734818.rsp
[ 567/1069  0s] WriteResponseFile Library/Bee/artifacts/rsp/4772145154433932943.rsp
[ 568/1069  0s] WriteResponseFile Library/Bee/artifacts/rsp/14402696373757716438.rsp
[ 569/1069  0s] WriteResponseFile Library/Bee/artifacts/rsp/17296387151066238333.rsp
[ 570/1069  0s] WriteResponseFile Library/Bee/artifacts/rsp/2781082588993088484.rsp
[ 571/1069  0s] WriteResponseFile Library/Bee/artifacts/rsp/14776904114713646495.rsp
[ 572/1069  0s] WriteResponseFile Library/Bee/artifacts/rsp/8863518860715653438.rsp
[ 573/1069  0s] WriteResponseFile Library/Bee/artifacts/rsp/7759033573704817190.rsp
[ 574/1069  0s] WriteResponseFile Library/Bee/artifacts/rsp/2400031028012695012.rsp
[ 575/1069  0s] WriteResponseFile Library/Bee/artifacts/rsp/2240406767038398906.rsp
[ 576/1069  0s] WriteResponseFile Library/Bee/artifacts/rsp/14566447020836459352.rsp
[ 577/1069  0s] WriteResponseFile Library/Bee/artifacts/rsp/3388064732626934676.rsp
[ 578/1069  0s] WriteResponseFile Library/Bee/artifacts/rsp/3938377011463375229.rsp
[ 579/1069  0s] WriteResponseFile Library/Bee/artifacts/rsp/1177933628359149393.rsp
[ 580/1069  0s] WriteResponseFile Library/Bee/artifacts/rsp/6262281476893245489.rsp
[ 581/1069  0s] WriteResponseFile Library/Bee/artifacts/rsp/9675442845102135732.rsp
[ 582/1069  0s] WriteResponseFile Library/Bee/artifacts/rsp/15183149355271759364.rsp
[ 583/1069  0s] WriteResponseFile Library/Bee/artifacts/rsp/2953117779104569460.rsp
[ 584/1069  0s] WriteResponseFile Library/Bee/artifacts/rsp/1488387367365330867.rsp
[ 585/1069  0s] WriteResponseFile Library/Bee/artifacts/rsp/9963604852455136489.rsp
[ 586/1069  0s] WriteResponseFile Library/Bee/artifacts/rsp/10292501669419677951.rsp
[ 587/1069  0s] WriteResponseFile Library/Bee/artifacts/rsp/15312589170787849123.rsp
[ 588/1069  0s] WriteResponseFile Library/Bee/artifacts/rsp/15394042617203071315.rsp
[           0s] Csc Library/Bee/artifacts/1900b0aE.dag/UnityEngine.UI.dll (+2 others) [CacheMiss c02fc5e398e732cbfb63f03a1a87a74200000000000000000000000000000006]
[ 589/1069  0s] Csc Library/Bee/artifacts/1900b0aE.dag/UnityEngine.UI.dll (+2 others)
[           0s] Csc Library/Bee/artifacts/1900b0aE.dag/UnityEngine.UI.dll (+2 others) [CacheWrite c02fc5e398e732cbfb63f03a1a87a74200000000000000000000000000000006]
[           0s] Csc Library/Bee/artifacts/1900b0aE.dag/UnityEditor.UI.dll (+2 others) [CacheMiss a3f52ed3f92d8b4c061192af805ddd4800000000000000000000000000000006]
[ 592/1069  0s] Csc Library/Bee/artifacts/1900b0aE.dag/UnityEditor.UI.dll (+2 others)
[           0s] Csc Library/Bee/artifacts/1900b0aE.dag/UnityEditor.UI.dll (+2 others) [CacheWrite a3f52ed3f92d8b4c061192af805ddd4800000000000000000000000000000006]
[           0s] Csc Library/Bee/artifacts/1900b0aE.dag/Unity.ProBuilder.Poly2Tri.dll (+2 others) [CacheMiss 4c9bb4173cf3d2952d209015b9533e2300000000000000000000000000000006]
[           0s] Csc Library/Bee/artifacts/1900b0aE.dag/Unity.ProBuilder.KdTree.dll (+2 others) [CacheMiss 0f6843308c5c144a12d2afa5db0a03d100000000000000000000000000000006]
[           0s] Csc Library/Bee/artifacts/1900b0aE.dag/Unity.InternalAPIEngineBridge.ObjectDispatcher.Runtime.dll (+2 others) [CacheMiss 00272c1b48504b9164def572d6af3b5100000000000000000000000000000006]
[           0s] Csc Library/Bee/artifacts/1900b0aE.dag/Unity.GraphAuthoring.Editor.dll (+2 others) [CacheMiss 2344a9c679641585ea1bb44b173c7ab200000000000000000000000000000006]
[           0s] Csc Library/Bee/artifacts/1900b0aE.dag/Unity.VisualScripting.Core.dll (+2 others) [CacheMiss c07c777d5b5c43c879f331f1a444db5b00000000000000000000000000000006]
[           0s] Csc Library/Bee/artifacts/1900b0aE.dag/Unity.InternalAPIEngineBridge.RenderPipelines.Core.Runtime.Shared.dll (+2 others) [CacheMiss bf103f62aefab2780142718db342962f00000000000000000000000000000006]
[           0s] Csc Library/Bee/artifacts/1900b0aE.dag/Unity.InternalAPIEngineBridge.004.dll (+2 others) [CacheMiss 79585660ae60a88af6b91ae41baa24cf00000000000000000000000000000006]
[           0s] Csc Library/Bee/artifacts/1900b0aE.dag/Unity.Profiling.Core.dll (+2 others) [CacheMiss 0793c1f52b73f2d7419e3f18e0984cd900000000000000000000000000000006]
[           0s] Csc Library/Bee/artifacts/1900b0aE.dag/Unity.InternalAPIEditorBridge.ShaderGraph.Editor.dll (+2 others) [CacheMiss 0db919ce3f637d422368e0272d03d13400000000000000000000000000000006]
[           0s] Csc Library/Bee/artifacts/1900b0aE.dag/Unity.InternalAPIEngineBridge.RenderPipelines.Core.Editor.dll (+2 others) [CacheMiss 9d146cce1d4fd82de624765cdef6d6a100000000000000000000000000000006]
[           0s] Csc Library/Bee/artifacts/1900b0aE.dag/Unity.AI.Navigation.Editor.ConversionSystem.dll (+2 others) [CacheMiss d29e3c831052d6c758e41824d66fabc400000000000000000000000000000006]
[           0s] Csc Library/Bee/artifacts/1900b0aE.dag/Unity.Burst.dll (+2 others) [CacheMiss 288a68e435dd588e48da2a163144f2bc00000000000000000000000000000006]
[ 612/1069  0s] Csc Library/Bee/artifacts/1900b0aE.dag/Unity.InternalAPIEditorBridge.ShaderGraph.Editor.dll (+2 others)
[ 613/1069  0s] Csc Library/Bee/artifacts/1900b0aE.dag/Unity.InternalAPIEngineBridge.RenderPipelines.Core.Runtime.Shared.dll (+2 others)
[ 614/1069  0s] Csc Library/Bee/artifacts/1900b0aE.dag/Unity.Profiling.Core.dll (+2 others)
[           0s] Csc Library/Bee/artifacts/1900b0aE.dag/Unity.InternalAPIEditorBridge.ShaderGraph.Editor.dll (+2 others) [CacheWrite 0db919ce3f637d422368e0272d03d13400000000000000000000000000000006]
[ 615/1069  0s] Csc Library/Bee/artifacts/1900b0aE.dag/Unity.ProBuilder.Poly2Tri.dll (+2 others)
[ 616/1069  0s] Csc Library/Bee/artifacts/1900b0aE.dag/Unity.InternalAPIEngineBridge.ObjectDispatcher.Runtime.dll (+2 others)
[ 617/1069  0s] Csc Library/Bee/artifacts/1900b0aE.dag/Unity.InternalAPIEngineBridge.004.dll (+2 others)
[ 618/1069  0s] Csc Library/Bee/artifacts/1900b0aE.dag/Unity.ProBuilder.KdTree.dll (+2 others)
[ 619/1069  0s] Csc Library/Bee/artifacts/1900b0aE.dag/Unity.Burst.dll (+2 others)
[           0s] Csc Library/Bee/artifacts/1900b0aE.dag/Unity.Profiling.Core.dll (+2 others) [CacheWrite 0793c1f52b73f2d7419e3f18e0984cd900000000000000000000000000000006]
[           0s] Csc Library/Bee/artifacts/1900b0aE.dag/Unity.InternalAPIEngineBridge.RenderPipelines.Core.Runtime.Shared.dll (+2 others) [CacheWrite bf103f62aefab2780142718db342962f00000000000000000000000000000006]
[           0s] Csc Library/Bee/artifacts/1900b0aE.dag/Unity.ProBuilder.Poly2Tri.dll (+2 others) [CacheWrite 4c9bb4173cf3d2952d209015b9533e2300000000000000000000000000000006]
[           0s] Csc Library/Bee/artifacts/1900b0aE.dag/Unity.InternalAPIEngineBridge.ObjectDispatcher.Runtime.dll (+2 others) [CacheWrite 00272c1b48504b9164def572d6af3b5100000000000000000000000000000006]
[           0s] Csc Library/Bee/artifacts/1900b0aE.dag/Unity.Burst.dll (+2 others) [CacheWrite 288a68e435dd588e48da2a163144f2bc00000000000000000000000000000006]
[           0s] Csc Library/Bee/artifacts/1900b0aE.dag/Unity.ProBuilder.KdTree.dll (+2 others) [CacheWrite 0f6843308c5c144a12d2afa5db0a03d100000000000000000000000000000006]
[           0s] Csc Library/Bee/artifacts/1900b0aE.dag/Unity.AI.Navigation.dll (+2 others) [CacheMiss 188e348c550f7e32d448fcd16ff8f8a700000000000000000000000000000006]
[           0s] Csc Library/Bee/artifacts/1900b0aE.dag/Unity.InternalAPIEngineBridge.004.dll (+2 others) [CacheWrite 79585660ae60a88af6b91ae41baa24cf00000000000000000000000000000006]
[ 636/1069  0s] Csc Library/Bee/artifacts/1900b0aE.dag/Unity.InternalAPIEngineBridge.RenderPipelines.Core.Editor.dll (+2 others)
[           0s] Csc Library/Bee/artifacts/1900b0aE.dag/Unity.ShaderGraph.Utilities.dll (+2 others) [CacheMiss 6b3d69880a8f0caeeaa8636250ed4ddf00000000000000000000000000000006]
[ 637/1069  0s] Csc Library/Bee/artifacts/1900b0aE.dag/Unity.GraphAuthoring.Editor.dll (+2 others)
[ 638/1069  0s] Csc Library/Bee/artifacts/1900b0aE.dag/Unity.AI.Navigation.Editor.ConversionSystem.dll (+2 others)
[           0s] Csc Library/Bee/artifacts/1900b0aE.dag/Unity.ProBuilder.Stl.dll (+2 others) [CacheMiss c793e68f73ada38a8927af4f3039f9e800000000000000000000000000000006]
[           0s] Csc Library/Bee/artifacts/1900b0aE.dag/Unity.Collections.dll (+2 others) [CacheMiss 0ea3b8d86c9b56e2751adea1f497a80300000000000000000000000000000006]
[           0s] Csc Library/Bee/artifacts/1900b0aE.dag/Unity.Settings.Editor.dll (+2 others) [CacheMiss 0029780afea748c487a7df295394582800000000000000000000000000000006]
[           0s] Csc Library/Bee/artifacts/1900b0aE.dag/Unity.ProBuilder.AssetIdRemapUtility.dll (+2 others) [CacheMiss 2d7638345cf32788dd64aa4e4ffbb43b00000000000000000000000000000006]
[           0s] Csc Library/Bee/artifacts/1900b0aE.dag/Unity.ProBuilder.Csg.dll (+2 others) [CacheMiss 15f540a3befe39d821f2dd2ee0bc094d00000000000000000000000000000006]
[           0s] Csc Library/Bee/artifacts/1900b0aE.dag/Unity.PlasticSCM.Editor.dll (+2 others) [CacheMiss a77ae833bfe5c44eb7be064cdbd9a80600000000000000000000000000000006]
[           0s] Csc Library/Bee/artifacts/1900b0aE.dag/Unity.GraphAuthoring.Editor.dll (+2 others) [CacheWrite 2344a9c679641585ea1bb44b173c7ab200000000000000000000000000000006]
[           0s] Csc Library/Bee/artifacts/1900b0aE.dag/Unity.InternalAPIEngineBridge.RenderPipelines.Core.Editor.dll (+2 others) [CacheWrite 9d146cce1d4fd82de624765cdef6d6a100000000000000000000000000000006]
[           0s] Csc Library/Bee/artifacts/1900b0aE.dag/Unity.AI.Navigation.Editor.ConversionSystem.dll (+2 others) [CacheWrite d29e3c831052d6c758e41824d66fabc400000000000000000000000000000006]
[           0s] Csc Library/Bee/artifacts/1900b0aE.dag/Unity.Timeline.dll (+2 others) [CacheMiss 73ddb8ce8b60b9c2caea8ac12ba2284700000000000000000000000000000006]
[           0s] Csc Library/Bee/artifacts/1900b0aE.dag/Unity.TextMeshPro.dll (+2 others) [CacheMiss 26eb34eb7180b07206a796904487fd3400000000000000000000000000000006]
[           0s] Csc Library/Bee/artifacts/1900b0aE.dag/Unity.RenderPipelines.ShaderGraph.ShaderGraphLibrary.dll (+2 others) [CacheMiss 0aaf14d29a33c0d3f9486a688625ce0000000000000000000000000000000006]
[ 656/1069  0s] Csc Library/Bee/artifacts/1900b0aE.dag/Unity.ProBuilder.Stl.dll (+2 others)
[ 657/1069  0s] Csc Library/Bee/artifacts/1900b0aE.dag/Unity.ProBuilder.AssetIdRemapUtility.dll (+2 others)
[ 658/1069  0s] Csc Library/Bee/artifacts/1900b0aE.dag/Unity.ProBuilder.Csg.dll (+2 others)
[ 659/1069  0s] Csc Library/Bee/artifacts/1900b0aE.dag/Unity.Settings.Editor.dll (+2 others)
[ 660/1069  0s] Csc Library/Bee/artifacts/1900b0aE.dag/Unity.ShaderGraph.Utilities.dll (+2 others)
[           0s] Csc Library/Bee/artifacts/1900b0aE.dag/Unity.ProBuilder.Stl.dll (+2 others) [CacheWrite c793e68f73ada38a8927af4f3039f9e800000000000000000000000000000006]
[ 662/1069  0s] Csc Library/Bee/artifacts/1900b0aE.dag/Unity.AI.Navigation.dll (+2 others)
[           0s] Csc Library/Bee/artifacts/1900b0aE.dag/Unity.ProBuilder.Csg.dll (+2 others) [CacheWrite 15f540a3befe39d821f2dd2ee0bc094d00000000000000000000000000000006]
[           0s] Csc Library/Bee/artifacts/1900b0aE.dag/Unity.Settings.Editor.dll (+2 others) [CacheWrite 0029780afea748c487a7df295394582800000000000000000000000000000006]
[           0s] Csc Library/Bee/artifacts/1900b0aE.dag/Unity.ProBuilder.AssetIdRemapUtility.dll (+2 others) [CacheWrite 2d7638345cf32788dd64aa4e4ffbb43b00000000000000000000000000000006]
[           0s] Csc Library/Bee/artifacts/1900b0aE.dag/Unity.ShaderGraph.Utilities.dll (+2 others) [CacheWrite 6b3d69880a8f0caeeaa8636250ed4ddf00000000000000000000000000000006]
[           0s] Csc Library/Bee/artifacts/1900b0aE.dag/Unity.AI.Navigation.dll (+2 others) [CacheWrite 188e348c550f7e32d448fcd16ff8f8a700000000000000000000000000000006]
[           0s] Csc Library/Bee/artifacts/1900b0aE.dag/Unity.RenderPipelines.Core.ShaderLibrary.dll (+2 others) [CacheMiss ea0e58c3ebb550d45e679ea47e319ca300000000000000000000000000000006]
[           0s] Csc Library/Bee/artifacts/1900b0aE.dag/Unity.Rendering.LightTransport.Editor.dll (+2 others) [CacheMiss a4851748e7ee004772c005b98a8e22b500000000000000000000000000000006]
[           0s] Csc Library/Bee/artifacts/1900b0aE.dag/Unity.RenderPipelines.Universal.Shaders.dll (+2 others) [CacheMiss a4bcfc261f8b61d82a87c5f5f88d7b8300000000000000000000000000000006]
[           0s] Csc Library/Bee/artifacts/1900b0aE.dag/Unity.AI.Navigation.Editor.dll (+2 others) [CacheMiss e76d53579ad443676e5ed1112414eecf00000000000000000000000000000006]
[ 686/1069  0s] Csc Library/Bee/artifacts/1900b0aE.dag/Unity.RenderPipelines.ShaderGraph.ShaderGraphLibrary.dll (+2 others)
[ 687/1069  1s] Csc Library/Bee/artifacts/1900b0aE.dag/Unity.VisualScripting.Core.dll (+2 others)
[ 688/1069  0s] Csc Library/Bee/artifacts/1900b0aE.dag/Unity.Timeline.dll (+2 others)
[           0s] Csc Library/Bee/artifacts/1900b0aE.dag/Unity.RenderPipelines.ShaderGraph.ShaderGraphLibrary.dll (+2 others) [CacheWrite 0aaf14d29a33c0d3f9486a688625ce0000000000000000000000000000000006]
[           0s] Csc Library/Bee/artifacts/1900b0aE.dag/Unity.VisualScripting.Core.dll (+2 others) [CacheWrite c07c777d5b5c43c879f331f1a444db5b00000000000000000000000000000006]
[           0s] Csc Library/Bee/artifacts/1900b0aE.dag/Unity.Timeline.dll (+2 others) [CacheWrite 73ddb8ce8b60b9c2caea8ac12ba2284700000000000000000000000000000006]
[           0s] Csc Library/Bee/artifacts/1900b0aE.dag/Unity.VisualScripting.Core.Editor.dll (+2 others) [CacheMiss 4984ff7dc389a1c246a1a3fad473646a00000000000000000000000000000006]
[           0s] Csc Library/Bee/artifacts/1900b0aE.dag/Unity.VisualScripting.Flow.dll (+2 others) [CacheMiss 7eab10b36dacd0b53b9de99c0ca7323a00000000000000000000000000000006]
[           0s] Csc Library/Bee/artifacts/1900b0aE.dag/Unity.Timeline.Editor.dll (+2 others) [CacheMiss bfb5c47a9fe3445856317469f6237ed500000000000000000000000000000006]
[ 695/1069  0s] Csc Library/Bee/artifacts/1900b0aE.dag/Unity.RenderPipelines.Core.ShaderLibrary.dll (+2 others)
[ 696/1069  0s] Csc Library/Bee/artifacts/1900b0aE.dag/Unity.Rendering.LightTransport.Editor.dll (+2 others)
[ 697/1069  0s] Csc Library/Bee/artifacts/1900b0aE.dag/Unity.RenderPipelines.Universal.Shaders.dll (+2 others)
[           0s] Csc Library/Bee/artifacts/1900b0aE.dag/Unity.RenderPipelines.Core.ShaderLibrary.dll (+2 others) [CacheWrite ea0e58c3ebb550d45e679ea47e319ca300000000000000000000000000000006]
[           0s] Csc Library/Bee/artifacts/1900b0aE.dag/Unity.RenderPipelines.Universal.Shaders.dll (+2 others) [CacheWrite a4bcfc261f8b61d82a87c5f5f88d7b8300000000000000000000000000000006]
[           0s] Csc Library/Bee/artifacts/1900b0aE.dag/Unity.Rendering.LightTransport.Editor.dll (+2 others) [CacheWrite a4851748e7ee004772c005b98a8e22b500000000000000000000000000000006]
[ 701/1069  1s] Csc Library/Bee/artifacts/1900b0aE.dag/Unity.AI.Navigation.Editor.dll (+2 others)
[ 702/1069  1s] Csc Library/Bee/artifacts/1900b0aE.dag/Unity.TextMeshPro.dll (+2 others)
[           0s] Csc Library/Bee/artifacts/1900b0aE.dag/Unity.AI.Navigation.Editor.dll (+2 others) [CacheWrite e76d53579ad443676e5ed1112414eecf00000000000000000000000000000006]
[           0s] Csc Library/Bee/artifacts/1900b0aE.dag/Unity.TextMeshPro.dll (+2 others) [CacheWrite 26eb34eb7180b07206a796904487fd3400000000000000000000000000000006]
[           0s] Csc Library/Bee/artifacts/1900b0aE.dag/Unity.AI.Navigation.Updater.dll (+2 others) [CacheMiss 211c1f57f4eb77cb248bfd6ff310805900000000000000000000000000000006]
[           0s] Csc Library/Bee/artifacts/1900b0aE.dag/UnityEditor.UI.Analytics.dll (+2 others) [CacheMiss 0136676804bc908311095a969db113ed00000000000000000000000000000006]
[ 707/1069  1s] Csc Library/Bee/artifacts/1900b0aE.dag/UnityEditor.UI.Analytics.dll (+2 others)
[ 708/1069  3s] Csc Library/Bee/artifacts/1900b0aE.dag/Unity.Collections.dll (+2 others)
[ 709/1069  1s] Csc Library/Bee/artifacts/1900b0aE.dag/Unity.AI.Navigation.Updater.dll (+2 others)
[           0s] Csc Library/Bee/artifacts/1900b0aE.dag/Unity.Collections.dll (+2 others) [CacheWrite 0ea3b8d86c9b56e2751adea1f497a80300000000000000000000000000000006]
[           0s] Csc Library/Bee/artifacts/1900b0aE.dag/UnityEditor.UI.Analytics.dll (+2 others) [CacheWrite 0136676804bc908311095a969db113ed00000000000000000000000000000006]
[           0s] Csc Library/Bee/artifacts/1900b0aE.dag/Unity.AI.Navigation.Updater.dll (+2 others) [CacheWrite 211c1f57f4eb77cb248bfd6ff310805900000000000000000000000000000006]
[           0s] Csc Library/Bee/artifacts/1900b0aE.dag/Unity.UnifiedRayTracing.Runtime.dll (+2 others) [CacheMiss 95fdb0dce5856ce1eca9e7ee21f755f600000000000000000000000000000006]
[           0s] Csc Library/Bee/artifacts/1900b0aE.dag/Unity.Collections.Tests.CoreCLR.PrivateJobNested.dll (+2 others) [CacheMiss 7ffeeddb0079577d6166d761459ca95f00000000000000000000000000000006]
[           0s] Csc Library/Bee/artifacts/1900b0aE.dag/Unity.RenderPipelines.Core.Runtime.dll (+2 others) [CacheMiss e152da40de54ad1610d8b534ad9574ec00000000000000000000000000000006]
[           0s] Csc Library/Bee/artifacts/1900b0aE.dag/Unity.Collections.Editor.dll (+2 others) [CacheMiss d4d52e039c0ea90085a7a9496d05474d00000000000000000000000000000006]
[           0s] Csc Library/Bee/artifacts/1900b0aE.dag/Unity.Collections.CodeGen.dll (+2 others) [CacheMiss 121de69b96a2fe239feb792afc50200400000000000000000000000000000006]
[           0s] Csc Library/Bee/artifacts/1900b0aE.dag/Unity.Collections.Tests.CoreCLR.PublicJobPrivateGeneric.dll (+2 others) [CacheMiss d8b46b805c49c89884453b401440749200000000000000000000000000000006]
[           0s] Csc Library/Bee/artifacts/1900b0aE.dag/Unity.Collections.Tests.CoreCLR.InternalJobNestedPrivate.dll (+2 others) [CacheMiss 228916756afb5b82a3792ab43172120200000000000000000000000000000006]
[           0s] Csc Library/Bee/artifacts/1900b0aE.dag/Unity.Collections.Tests.CoreCLR.ProtectedJobNested.dll (+2 others) [CacheMiss 7739d9e3ea2f7c409b455fbff326e54800000000000000000000000000000006]
[ 719/1069  3s] Csc Library/Bee/artifacts/1900b0aE.dag/Unity.VisualScripting.Flow.dll (+2 others)
[ 720/1069  0s] Csc Library/Bee/artifacts/1900b0aE.dag/Unity.Collections.Tests.CoreCLR.PrivateJobNested.dll (+2 others)
[ 721/1069  0s] Csc Library/Bee/artifacts/1900b0aE.dag/Unity.Collections.Tests.CoreCLR.InternalJobNestedPrivate.dll (+2 others)
[ 722/1069  0s] Csc Library/Bee/artifacts/1900b0aE.dag/Unity.Collections.Editor.dll (+2 others)
[ 723/1069  0s] Csc Library/Bee/artifacts/1900b0aE.dag/Unity.Collections.Tests.CoreCLR.PublicJobPrivateGeneric.dll (+2 others)
[           0s] Csc Library/Bee/artifacts/1900b0aE.dag/Unity.Collections.Tests.CoreCLR.PrivateJobNested.dll (+2 others) [CacheWrite 7ffeeddb0079577d6166d761459ca95f00000000000000000000000000000006]
[           0s] Csc Library/Bee/artifacts/1900b0aE.dag/Unity.VisualScripting.Flow.dll (+2 others) [CacheWrite 7eab10b36dacd0b53b9de99c0ca7323a00000000000000000000000000000006]
[           0s] Csc Library/Bee/artifacts/1900b0aE.dag/Unity.Collections.Tests.CoreCLR.InternalJobNestedPrivate.dll (+2 others) [CacheWrite 228916756afb5b82a3792ab43172120200000000000000000000000000000006]
[           0s] Csc Library/Bee/artifacts/1900b0aE.dag/Unity.Collections.Editor.dll (+2 others) [CacheWrite d4d52e039c0ea90085a7a9496d05474d00000000000000000000000000000006]
[           0s] Csc Library/Bee/artifacts/1900b0aE.dag/Unity.Collections.Tests.CoreCLR.PublicJobPrivateGeneric.dll (+2 others) [CacheWrite d8b46b805c49c89884453b401440749200000000000000000000000000000006]
[ 733/1069  1s] Csc Library/Bee/artifacts/1900b0aE.dag/Unity.UnifiedRayTracing.Runtime.dll (+2 others)
[ 734/1069  0s] Csc Library/Bee/artifacts/1900b0aE.dag/Unity.Collections.Tests.CoreCLR.ProtectedJobNested.dll (+2 others)
[           0s] Csc Library/Bee/artifacts/1900b0aE.dag/Unity.VisualScripting.State.dll (+2 others) [CacheMiss f3aabc18b6dc6cfea356f45c3416e9d100000000000000000000000000000006]
[           0s] Csc Library/Bee/artifacts/1900b0aE.dag/Unity.VisualScripting.DocCodeExamples.dll (+2 others) [CacheMiss 16120d1d988285db60e50e54f5d881e900000000000000000000000000000006]
[           0s] Csc Library/Bee/artifacts/1900b0aE.dag/Unity.UnifiedRayTracing.Runtime.dll (+2 others) [CacheWrite 95fdb0dce5856ce1eca9e7ee21f755f600000000000000000000000000000006]
[           0s] Csc Library/Bee/artifacts/1900b0aE.dag/Unity.Collections.Tests.CoreCLR.ProtectedJobNested.dll (+2 others) [CacheWrite 7739d9e3ea2f7c409b455fbff326e54800000000000000000000000000000006]
[ 737/1069  1s] Csc Library/Bee/artifacts/1900b0aE.dag/Unity.Collections.CodeGen.dll (+2 others)
[ 738/1069  4s] Csc Library/Bee/artifacts/1900b0aE.dag/Unity.PlasticSCM.Editor.dll (+2 others)
[           0s] Csc Library/Bee/artifacts/1900b0aE.dag/Unity.PlasticSCM.Editor.dll (+2 others) [CacheWrite a77ae833bfe5c44eb7be064cdbd9a80600000000000000000000000000000006]
[           0s] Csc Library/Bee/artifacts/1900b0aE.dag/Unity.Collections.CodeGen.dll (+2 others) [CacheWrite 121de69b96a2fe239feb792afc50200400000000000000000000000000000006]
[ 741/1069  3s] Csc Library/Bee/artifacts/1900b0aE.dag/Unity.VisualScripting.Core.Editor.dll (+2 others)
[           0s] Csc Library/Bee/artifacts/1900b0aE.dag/Unity.PlasticSCM.Editor.Entities.dll (+2 others) [CacheMiss 0f8888f48395a6ff56d28c37ed73c15100000000000000000000000000000006]
[           0s] Csc Library/Bee/artifacts/1900b0aE.dag/Unity.CollabProxy.Editor.dll (+2 others) [CacheMiss d357f4d5adbeed633f233f039ef2a4b500000000000000000000000000000006]
[           0s] Csc Library/Bee/artifacts/1900b0aE.dag/Unity.VisualScripting.Core.Editor.dll (+2 others) [CacheWrite 4984ff7dc389a1c246a1a3fad473646a00000000000000000000000000000006]
[           0s] Csc Library/Bee/artifacts/1900b0aE.dag/Unity.PlasticSCM.Editor.Assistant.dll (+2 others) [CacheMiss 98ed1312fe8e37a3c74295879cf9c3fd00000000000000000000000000000006]
[ 746/1069  0s] Csc Library/Bee/artifacts/1900b0aE.dag/Unity.VisualScripting.DocCodeExamples.dll (+2 others)
[ 749/1069  3s] Csc Library/Bee/artifacts/1900b0aE.dag/Unity.Timeline.Editor.dll (+2 others)
[ 750/1069  0s] Csc Library/Bee/artifacts/1900b0aE.dag/Unity.VisualScripting.State.dll (+2 others)
[           0s] Csc Library/Bee/artifacts/1900b0aE.dag/Unity.VisualScripting.DocCodeExamples.dll (+2 others) [CacheWrite 16120d1d988285db60e50e54f5d881e900000000000000000000000000000006]
[           0s] Csc Library/Bee/artifacts/1900b0aE.dag/Unity.Timeline.Editor.dll (+2 others) [CacheWrite bfb5c47a9fe3445856317469f6237ed500000000000000000000000000000006]
[           0s] Csc Library/Bee/artifacts/1900b0aE.dag/Unity.VisualScripting.Flow.Editor.dll (+2 others) [CacheMiss 40121922b242445eb8f3eabe127f618d00000000000000000000000000000006]
[           0s] Csc Library/Bee/artifacts/1900b0aE.dag/Unity.VisualScripting.State.dll (+2 others) [CacheWrite f3aabc18b6dc6cfea356f45c3416e9d100000000000000000000000000000006]
[ 753/1069  0s] Csc Library/Bee/artifacts/1900b0aE.dag/Unity.PlasticSCM.Editor.Assistant.dll (+2 others)
[ 754/1069  0s] Csc Library/Bee/artifacts/1900b0aE.dag/Unity.PlasticSCM.Editor.Entities.dll (+2 others)
[ 755/1069  0s] Csc Library/Bee/artifacts/1900b0aE.dag/Unity.CollabProxy.Editor.dll (+2 others)
[           0s] Csc Library/Bee/artifacts/1900b0aE.dag/Unity.PlasticSCM.Editor.Assistant.dll (+2 others) [CacheWrite 98ed1312fe8e37a3c74295879cf9c3fd00000000000000000000000000000006]
[           0s] Csc Library/Bee/artifacts/1900b0aE.dag/Unity.PlasticSCM.Editor.Entities.dll (+2 others) [CacheWrite 0f8888f48395a6ff56d28c37ed73c15100000000000000000000000000000006]
[           0s] Csc Library/Bee/artifacts/1900b0aE.dag/Unity.CollabProxy.Editor.dll (+2 others) [CacheWrite d357f4d5adbeed633f233f039ef2a4b500000000000000000000000000000006]
[ 757/1069  0s] ILPP-Configuration Library/ilpp-configuration.nevergeneratedoutput
[ 758/1069  0s] ILPostProcess Library/Bee/artifacts/1900b0aE.dag/post-processed/Unity.InternalAPIEngineBridge.ObjectDispatcher.Runtime.dll (+pdb)
Processing assembly Library/Bee/artifacts/1900b0aE.dag/Unity.InternalAPIEngineBridge.ObjectDispatcher.Runtime.dll, with 149 defines and 305 references

processors: Unity.Jobs.CodeGen.JobsILPostProcessor, zzzUnity.Burst.CodeGen.BurstILPostProcessor

1 processor(s) skipped this assembly

running Unity.Jobs.CodeGen.JobsILPostProcessor
[ 759/1069  0s] ILPostProcess Library/Bee/artifacts/1900b0aE.dag/post-processed/Unity.VisualScripting.DocCodeExamples.dll (+pdb)
Processing assembly Library/Bee/artifacts/1900b0aE.dag/Unity.VisualScripting.DocCodeExamples.dll, with 149 defines and 293 references

processors: Unity.Jobs.CodeGen.JobsILPostProcessor, zzzUnity.Burst.CodeGen.BurstILPostProcessor

1 processor(s) skipped this assembly

running Unity.Jobs.CodeGen.JobsILPostProcessor
[ 760/1069  0s] ILPostProcess Library/Bee/artifacts/1900b0aE.dag/post-processed/Unity.PerformanceTesting.dll (+pdb)
Processing assembly Library/Bee/artifacts/1900b0aE.dag/Unity.PerformanceTesting.dll, with 150 defines and 290 references

processors: Unity.Jobs.CodeGen.JobsILPostProcessor, zzzUnity.Burst.CodeGen.BurstILPostProcessor

1 processor(s) skipped this assembly

running Unity.Jobs.CodeGen.JobsILPostProcessor
[ 761/1069  0s] ILPostProcess Library/Bee/artifacts/1900b0aE.dag/post-processed/Unity.Profiling.Core.dll (+pdb)
Processing assembly Library/Bee/artifacts/1900b0aE.dag/Unity.Profiling.Core.dll, with 149 defines and 305 references

processors: Unity.Jobs.CodeGen.JobsILPostProcessor, zzzUnity.Burst.CodeGen.BurstILPostProcessor

1 processor(s) skipped this assembly

running Unity.Jobs.CodeGen.JobsILPostProcessor
[ 762/1069  0s] ILPostProcess Library/Bee/artifacts/1900b0aE.dag/post-processed/Unity.VisualScripting.State.dll (+pdb)
Processing assembly Library/Bee/artifacts/1900b0aE.dag/Unity.VisualScripting.State.dll, with 149 defines and 307 references

processors: Unity.Jobs.CodeGen.JobsILPostProcessor, zzzUnity.Burst.CodeGen.BurstILPostProcessor

1 processor(s) skipped this assembly

running Unity.Jobs.CodeGen.JobsILPostProcessor
[ 763/1069  0s] ILPostProcess Library/Bee/artifacts/1900b0aE.dag/post-processed/Unity.Burst.dll (+pdb)
Processing assembly Library/Bee/artifacts/1900b0aE.dag/Unity.Burst.dll, with 149 defines and 305 references

processors: Unity.Jobs.CodeGen.JobsILPostProcessor, zzzUnity.Burst.CodeGen.BurstILPostProcessor

running Unity.Jobs.CodeGen.JobsILPostProcessor

running zzzUnity.Burst.CodeGen.BurstILPostProcessor
[ 764/1069  1s] Csc Library/Bee/artifacts/1900b0aE.dag/Unity.VisualScripting.Flow.Editor.dll (+2 others)
[           0s] Csc Library/Bee/artifacts/1900b0aE.dag/Unity.VisualScripting.Flow.Editor.dll (+2 others) [CacheWrite 40121922b242445eb8f3eabe127f618d00000000000000000000000000000006]
[           0s] Csc Library/Bee/artifacts/1900b0aE.dag/Unity.VisualScripting.State.Editor.dll (+2 others) [CacheMiss 778bb5e8be56404a5ebac2843af0093e00000000000000000000000000000006]
[ 767/1069  2s] Csc Library/Bee/artifacts/1900b0aE.dag/Unity.RenderPipelines.Core.Runtime.dll (+2 others)
[           0s] Csc Library/Bee/artifacts/1900b0aE.dag/Unity.RenderPipelines.Core.Runtime.dll (+2 others) [CacheWrite e152da40de54ad1610d8b534ad9574ec00000000000000000000000000000006]
[           0s] Csc Library/Bee/artifacts/1900b0aE.dag/Unity.PathTracing.Runtime.dll (+2 others) [CacheMiss b06c202a03cba49997d75b3df8da333a00000000000000000000000000000006]
[ 770/1069  0s] ILPostProcess Library/Bee/artifacts/1900b0aE.dag/post-processed/Unity.Collections.Tests.CoreCLR.PrivateJobNested.dll (+pdb)
Processing assembly Library/Bee/artifacts/1900b0aE.dag/Unity.Collections.Tests.CoreCLR.PrivateJobNested.dll, with 149 defines and 306 references

processors: Unity.Jobs.CodeGen.JobsILPostProcessor, zzzUnity.Burst.CodeGen.BurstILPostProcessor

1 processor(s) skipped this assembly

running Unity.Jobs.CodeGen.JobsILPostProcessor
[ 771/1069  0s] ILPostProcess Library/Bee/artifacts/1900b0aE.dag/post-processed/Unity.TextMeshPro.dll (+pdb)
Processing assembly Library/Bee/artifacts/1900b0aE.dag/Unity.TextMeshPro.dll, with 150 defines and 306 references

processors: Unity.Jobs.CodeGen.JobsILPostProcessor, zzzUnity.Burst.CodeGen.BurstILPostProcessor

1 processor(s) skipped this assembly

running Unity.Jobs.CodeGen.JobsILPostProcessor
[ 773/1069  0s] ILPostProcess Library/Bee/artifacts/1900b0aE.dag/post-processed/Unity.AI.Navigation.dll (+pdb)
Processing assembly Library/Bee/artifacts/1900b0aE.dag/Unity.AI.Navigation.dll, with 150 defines and 305 references

processors: Unity.Jobs.CodeGen.JobsILPostProcessor, zzzUnity.Burst.CodeGen.BurstILPostProcessor

1 processor(s) skipped this assembly

running Unity.Jobs.CodeGen.JobsILPostProcessor
[ 774/1069  0s] ILPostProcess Library/Bee/artifacts/1900b0aE.dag/post-processed/Unity.ProBuilder.KdTree.dll (+pdb)
Processing assembly Library/Bee/artifacts/1900b0aE.dag/Unity.ProBuilder.KdTree.dll, with 149 defines and 305 references

processors: Unity.Jobs.CodeGen.JobsILPostProcessor, zzzUnity.Burst.CodeGen.BurstILPostProcessor

1 processor(s) skipped this assembly

running Unity.Jobs.CodeGen.JobsILPostProcessor
[ 775/1069  0s] ILPostProcess Library/Bee/artifacts/1900b0aE.dag/post-processed/Unity.Timeline.dll (+pdb)
Processing assembly Library/Bee/artifacts/1900b0aE.dag/Unity.Timeline.dll, with 150 defines and 305 references

processors: Unity.Jobs.CodeGen.JobsILPostProcessor, zzzUnity.Burst.CodeGen.BurstILPostProcessor

1 processor(s) skipped this assembly

running Unity.Jobs.CodeGen.JobsILPostProcessor
[           0s] Csc Library/Bee/artifacts/1900b0aE.dag/Unity.RenderPipelines.GPUDriven.Runtime.dll (+2 others) [CacheMiss 54c312cb4bb984367554323335e9255e00000000000000000000000000000006]
[           0s] Csc Library/Bee/artifacts/1900b0aE.dag/Unity.RenderPipelines.Core.Runtime.Shared.dll (+2 others) [CacheMiss c979e48b8ca523a787df4b4a0f0ba22800000000000000000000000000000006]
[           0s] Csc Library/Bee/artifacts/1900b0aE.dag/Unity.RenderPipeline.Universal.ShaderLibrary.dll (+2 others) [CacheMiss 3191fcc40a563fe8f24d80717f27e72300000000000000000000000000000006]
[           0s] Csc Library/Bee/artifacts/1900b0aE.dag/Unity.RenderPipelines.Universal.Config.Runtime.dll (+2 others) [CacheMiss 72c324789ca8b3d8fb03f8d0094150c200000000000000000000000000000006]
[           0s] Csc Library/Bee/artifacts/1900b0aE.dag/Unity.TextMeshPro.Editor.dll (+2 others) [CacheMiss e5b741c598ab1b0d8df4d17d09d289f700000000000000000000000000000006]
[ 781/1069  0s] Csc Library/Bee/artifacts/1900b0aE.dag/Unity.VisualScripting.State.Editor.dll (+2 others)
[           0s] Csc Library/Bee/artifacts/1900b0aE.dag/Unity.VisualScripting.State.Editor.dll (+2 others) [CacheWrite 778bb5e8be56404a5ebac2843af0093e00000000000000000000000000000006]
[ 784/1069  0s] Csc Library/Bee/artifacts/1900b0aE.dag/Unity.RenderPipelines.Universal.Config.Runtime.dll (+2 others)
[           0s] Csc Library/Bee/artifacts/1900b0aE.dag/Unity.VisualScripting.Shared.Editor.dll (+2 others) [CacheMiss e47175897266598b892debe49354893700000000000000000000000000000006]
[ 785/1069  0s] Csc Library/Bee/artifacts/1900b0aE.dag/Unity.RenderPipeline.Universal.ShaderLibrary.dll (+2 others)
[ 786/1069  0s] Csc Library/Bee/artifacts/1900b0aE.dag/Unity.RenderPipelines.Core.Runtime.Shared.dll (+2 others)
[           0s] Csc Library/Bee/artifacts/1900b0aE.dag/Unity.RenderPipelines.Universal.Config.Runtime.dll (+2 others) [CacheWrite 72c324789ca8b3d8fb03f8d0094150c200000000000000000000000000000006]
[           0s] Csc Library/Bee/artifacts/1900b0aE.dag/Unity.RenderPipeline.Universal.ShaderLibrary.dll (+2 others) [CacheWrite 3191fcc40a563fe8f24d80717f27e72300000000000000000000000000000006]
[           0s] Csc Library/Bee/artifacts/1900b0aE.dag/Unity.RenderPipelines.Core.Runtime.Shared.dll (+2 others) [CacheWrite c979e48b8ca523a787df4b4a0f0ba22800000000000000000000000000000006]
[           0s] Csc Library/Bee/artifacts/1900b0aE.dag/Unity.VisualScripting.SettingsProvider.Editor.dll (+2 others) [CacheMiss cb167ac903c0a1a2b2c9b0a8a0d709bc00000000000000000000000000000006]
[ 790/1069  1s] ILPostProcess Library/Bee/artifacts/1900b0aE.dag/post-processed/Unity.UnifiedRayTracing.Runtime.dll (+pdb)
Processing assembly Library/Bee/artifacts/1900b0aE.dag/Unity.UnifiedRayTracing.Runtime.dll, with 151 defines and 307 references

processors: Unity.Jobs.CodeGen.JobsILPostProcessor, zzzUnity.Burst.CodeGen.BurstILPostProcessor

running Unity.Jobs.CodeGen.JobsILPostProcessor

running zzzUnity.Burst.CodeGen.BurstILPostProcessor
[ 791/1069  0s] Csc Library/Bee/artifacts/1900b0aE.dag/Unity.PathTracing.Runtime.dll (+2 others)
[           0s] Csc Library/Bee/artifacts/1900b0aE.dag/Unity.PathTracing.Runtime.dll (+2 others) [CacheWrite b06c202a03cba49997d75b3df8da333a00000000000000000000000000000006]
[           0s] Csc Library/Bee/artifacts/1900b0aE.dag/Unity.SurfaceCache.Runtime.dll (+2 others) [CacheMiss 61397e5c02f2eac87f410e29b7a6228500000000000000000000000000000006]
[ 794/1069  0s] Csc Library/Bee/artifacts/1900b0aE.dag/Unity.VisualScripting.Shared.Editor.dll (+2 others)
[           0s] Csc Library/Bee/artifacts/1900b0aE.dag/Unity.VisualScripting.Shared.Editor.dll (+2 others) [CacheWrite e47175897266598b892debe49354893700000000000000000000000000000006]
[ 796/1069  0s] Csc Library/Bee/artifacts/1900b0aE.dag/Unity.VisualScripting.SettingsProvider.Editor.dll (+2 others)
[           0s] Csc Library/Bee/artifacts/1900b0aE.dag/Unity.PathTracing.Editor.dll (+2 others) [CacheMiss 602bf0f74e952c3bf4195eb66eef4fb600000000000000000000000000000006]
[           0s] Csc Library/Bee/artifacts/1900b0aE.dag/Unity.VisualScripting.SettingsProvider.Editor.dll (+2 others) [CacheWrite cb167ac903c0a1a2b2c9b0a8a0d709bc00000000000000000000000000000006]
[ 799/1069  0s] Csc Library/Bee/artifacts/1900b0aE.dag/Unity.SurfaceCache.Runtime.dll (+2 others)
[ 800/1069  1s] Csc Library/Bee/artifacts/1900b0aE.dag/Unity.TextMeshPro.Editor.dll (+2 others)
[ 801/1069  0s] ILPostProcess Library/Bee/artifacts/1900b0aE.dag/post-processed/Unity.RenderPipelines.Universal.Shaders.dll (+pdb)
Processing assembly Library/Bee/artifacts/1900b0aE.dag/Unity.RenderPipelines.Universal.Shaders.dll, with 149 defines and 305 references

processors: Unity.Jobs.CodeGen.JobsILPostProcessor, zzzUnity.Burst.CodeGen.BurstILPostProcessor

1 processor(s) skipped this assembly

running Unity.Jobs.CodeGen.JobsILPostProcessor
[ 802/1069  2s] ILPostProcess Library/Bee/artifacts/1900b0aE.dag/post-processed/Unity.VisualScripting.Core.dll (+pdb)
Processing assembly Library/Bee/artifacts/1900b0aE.dag/Unity.VisualScripting.Core.dll, with 154 defines and 306 references

processors: Unity.Jobs.CodeGen.JobsILPostProcessor, zzzUnity.Burst.CodeGen.BurstILPostProcessor

1 processor(s) skipped this assembly

running Unity.Jobs.CodeGen.JobsILPostProcessor
[           0s] Csc Library/Bee/artifacts/1900b0aE.dag/Unity.TextMeshPro.Editor.dll (+2 others) [CacheWrite e5b741c598ab1b0d8df4d17d09d289f700000000000000000000000000000006]
[ 803/1069  1s] Csc Library/Bee/artifacts/1900b0aE.dag/Unity.RenderPipelines.GPUDriven.Runtime.dll (+2 others)
[           0s] Csc Library/Bee/artifacts/1900b0aE.dag/Unity.SurfaceCache.Runtime.dll (+2 others) [CacheWrite 61397e5c02f2eac87f410e29b7a6228500000000000000000000000000000006]
[           0s] Csc Library/Bee/artifacts/1900b0aE.dag/Unity.RenderPipelines.GPUDriven.Runtime.dll (+2 others) [CacheWrite 54c312cb4bb984367554323335e9255e00000000000000000000000000000006]
[ 808/1069  1s] ILPostProcess Library/Bee/artifacts/1900b0aE.dag/post-processed/UnityEngine.TestRunner.dll (+pdb)
Processing assembly Library/Bee/artifacts/1900b0aE.dag/UnityEngine.TestRunner.dll, with 150 defines and 287 references

processors: Unity.Jobs.CodeGen.JobsILPostProcessor, zzzUnity.Burst.CodeGen.BurstILPostProcessor

1 processor(s) skipped this assembly

running Unity.Jobs.CodeGen.JobsILPostProcessor
[ 809/1069  0s] ILPostProcess Library/Bee/artifacts/1900b0aE.dag/post-processed/Unity.RenderPipelines.Core.Runtime.Shared.dll (+pdb)
Processing assembly Library/Bee/artifacts/1900b0aE.dag/Unity.RenderPipelines.Core.Runtime.Shared.dll, with 149 defines and 308 references

processors: Unity.Jobs.CodeGen.JobsILPostProcessor, zzzUnity.Burst.CodeGen.BurstILPostProcessor

1 processor(s) skipped this assembly

running Unity.Jobs.CodeGen.JobsILPostProcessor
[           0s] Csc Library/Bee/artifacts/1900b0aE.dag/Unity.RenderPipelines.Universal.Runtime.dll (+2 others) [CacheMiss 575bedeb25b07bf36641d051fde16d5e00000000000000000000000000000006]
[ 810/1069  0s] ILPostProcess Library/Bee/artifacts/1900b0aE.dag/post-processed/Unity.RenderPipeline.Universal.ShaderLibrary.dll (+pdb)
Processing assembly Library/Bee/artifacts/1900b0aE.dag/Unity.RenderPipeline.Universal.ShaderLibrary.dll, with 149 defines and 306 references

processors: Unity.Jobs.CodeGen.JobsILPostProcessor, zzzUnity.Burst.CodeGen.BurstILPostProcessor

1 processor(s) skipped this assembly

running Unity.Jobs.CodeGen.JobsILPostProcessor
[ 811/1069  0s] ILPostProcess Library/Bee/artifacts/1900b0aE.dag/post-processed/Unity.ProBuilder.Stl.dll (+pdb)
Processing assembly Library/Bee/artifacts/1900b0aE.dag/Unity.ProBuilder.Stl.dll, with 149 defines and 305 references

processors: Unity.Jobs.CodeGen.JobsILPostProcessor, zzzUnity.Burst.CodeGen.BurstILPostProcessor

1 processor(s) skipped this assembly

running Unity.Jobs.CodeGen.JobsILPostProcessor
[ 812/1069  0s] ILPostProcess Library/Bee/artifacts/1900b0aE.dag/post-processed/Unity.Collections.Tests.CoreCLR.PublicJobPrivateGeneric.dll (+pdb)
Processing assembly Library/Bee/artifacts/1900b0aE.dag/Unity.Collections.Tests.CoreCLR.PublicJobPrivateGeneric.dll, with 149 defines and 306 references

processors: Unity.Jobs.CodeGen.JobsILPostProcessor, zzzUnity.Burst.CodeGen.BurstILPostProcessor

1 processor(s) skipped this assembly

running Unity.Jobs.CodeGen.JobsILPostProcessor
[ 813/1069  0s] Csc Library/Bee/artifacts/1900b0aE.dag/Unity.PathTracing.Editor.dll (+2 others)
[ 814/1069  0s] ILPostProcess Library/Bee/artifacts/1900b0aE.dag/post-processed/Unity.RenderPipelines.Universal.Config.Runtime.dll (+pdb)
Processing assembly Library/Bee/artifacts/1900b0aE.dag/Unity.RenderPipelines.Universal.Config.Runtime.dll, with 149 defines and 306 references

processors: Unity.Jobs.CodeGen.JobsILPostProcessor, zzzUnity.Burst.CodeGen.BurstILPostProcessor

1 processor(s) skipped this assembly

running Unity.Jobs.CodeGen.JobsILPostProcessor
[           0s] Csc Library/Bee/artifacts/1900b0aE.dag/Unity.PathTracing.Editor.dll (+2 others) [CacheWrite 602bf0f74e952c3bf4195eb66eef4fb600000000000000000000000000000006]
[           0s] Csc Library/Bee/artifacts/1900b0aE.dag/Unity.RenderPipelines.Core.Editor.dll (+2 others) [CacheMiss 5e1225669904a2a52f21b8f8fce151b100000000000000000000000000000006]
[ 817/1069  0s] ILPostProcess Library/Bee/artifacts/1900b0aE.dag/post-processed/Unity.SurfaceCache.Runtime.dll (+pdb)
Processing assembly Library/Bee/artifacts/1900b0aE.dag/Unity.SurfaceCache.Runtime.dll, with 150 defines and 308 references

processors: Unity.Jobs.CodeGen.JobsILPostProcessor, zzzUnity.Burst.CodeGen.BurstILPostProcessor

1 processor(s) skipped this assembly

running Unity.Jobs.CodeGen.JobsILPostProcessor
[ 818/1069  0s] ILPostProcess Library/Bee/artifacts/1900b0aE.dag/post-processed/Unity.InputSystem.ForUI.dll (+pdb)
Processing assembly Library/Bee/artifacts/1900b0aE.dag/Unity.InputSystem.ForUI.dll, with 149 defines and 306 references

processors: Unity.Jobs.CodeGen.JobsILPostProcessor, zzzUnity.Burst.CodeGen.BurstILPostProcessor

1 processor(s) skipped this assembly

running Unity.Jobs.CodeGen.JobsILPostProcessor
[ 819/1069  0s] ILPostProcess Library/Bee/artifacts/1900b0aE.dag/post-processed/Unity.VisualScripting.Flow.dll (+pdb)
Processing assembly Library/Bee/artifacts/1900b0aE.dag/Unity.VisualScripting.Flow.dll, with 157 defines and 307 references

processors: Unity.Jobs.CodeGen.JobsILPostProcessor, zzzUnity.Burst.CodeGen.BurstILPostProcessor

1 processor(s) skipped this assembly

running Unity.Jobs.CodeGen.JobsILPostProcessor
[ 820/1069  0s] ILPostProcess Library/Bee/artifacts/1900b0aE.dag/post-processed/UnityEngine.UI.dll (+pdb)
Processing assembly Library/Bee/artifacts/1900b0aE.dag/UnityEngine.UI.dll, with 155 defines and 303 references

processors: Unity.Jobs.CodeGen.JobsILPostProcessor, zzzUnity.Burst.CodeGen.BurstILPostProcessor

1 processor(s) skipped this assembly

running Unity.Jobs.CodeGen.JobsILPostProcessor
[ 821/1069  0s] ILPostProcess Library/Bee/artifacts/1900b0aE.dag/post-processed/Unity.Collections.Tests.CoreCLR.ProtectedJobNested.dll (+pdb)
Processing assembly Library/Bee/artifacts/1900b0aE.dag/Unity.Collections.Tests.CoreCLR.ProtectedJobNested.dll, with 149 defines and 306 references

processors: Unity.Jobs.CodeGen.JobsILPostProcessor, zzzUnity.Burst.CodeGen.BurstILPostProcessor

1 processor(s) skipped this assembly

running Unity.Jobs.CodeGen.JobsILPostProcessor
[ 822/1069  0s] ILPostProcess Library/Bee/artifacts/1900b0aE.dag/post-processed/Unity.InternalAPIEngineBridge.RenderPipelines.Core.Runtime.Shared.dll (+pdb)
Processing assembly Library/Bee/artifacts/1900b0aE.dag/Unity.InternalAPIEngineBridge.RenderPipelines.Core.Runtime.Shared.dll, with 149 defines and 305 references

processors: Unity.Jobs.CodeGen.JobsILPostProcessor, zzzUnity.Burst.CodeGen.BurstILPostProcessor

1 processor(s) skipped this assembly

running Unity.Jobs.CodeGen.JobsILPostProcessor
[ 823/1069  0s] ILPostProcess Library/Bee/artifacts/1900b0aE.dag/post-processed/Unity.InternalAPIEngineBridge.004.dll (+pdb)
Processing assembly Library/Bee/artifacts/1900b0aE.dag/Unity.InternalAPIEngineBridge.004.dll, with 149 defines and 305 references

processors: Unity.Jobs.CodeGen.JobsILPostProcessor, zzzUnity.Burst.CodeGen.BurstILPostProcessor

1 processor(s) skipped this assembly

running Unity.Jobs.CodeGen.JobsILPostProcessor
[ 824/1069  0s] ILPostProcess Library/Bee/artifacts/1900b0aE.dag/post-processed/Unity.RenderPipelines.Core.ShaderLibrary.dll (+pdb)
Processing assembly Library/Bee/artifacts/1900b0aE.dag/Unity.RenderPipelines.Core.ShaderLibrary.dll, with 149 defines and 305 references

processors: Unity.Jobs.CodeGen.JobsILPostProcessor, zzzUnity.Burst.CodeGen.BurstILPostProcessor

1 processor(s) skipped this assembly

running Unity.Jobs.CodeGen.JobsILPostProcessor
[ 825/1069  0s] ILPostProcess Library/Bee/artifacts/1900b0aE.dag/post-processed/Unity.ProBuilder.Poly2Tri.dll (+pdb)
Processing assembly Library/Bee/artifacts/1900b0aE.dag/Unity.ProBuilder.Poly2Tri.dll, with 149 defines and 305 references

processors: Unity.Jobs.CodeGen.JobsILPostProcessor, zzzUnity.Burst.CodeGen.BurstILPostProcessor

1 processor(s) skipped this assembly

running Unity.Jobs.CodeGen.JobsILPostProcessor
[ 826/1069  0s] ILPostProcess Library/Bee/artifacts/1900b0aE.dag/post-processed/Unity.ProBuilder.Csg.dll (+pdb)
Processing assembly Library/Bee/artifacts/1900b0aE.dag/Unity.ProBuilder.Csg.dll, with 149 defines and 305 references

processors: Unity.Jobs.CodeGen.JobsILPostProcessor, zzzUnity.Burst.CodeGen.BurstILPostProcessor

1 processor(s) skipped this assembly

running Unity.Jobs.CodeGen.JobsILPostProcessor
[ 827/1069  0s] ILPostProcess Library/Bee/artifacts/1900b0aE.dag/post-processed/Unity.RenderPipelines.ShaderGraph.ShaderGraphLibrary.dll (+pdb)
Processing assembly Library/Bee/artifacts/1900b0aE.dag/Unity.RenderPipelines.ShaderGraph.ShaderGraphLibrary.dll, with 149 defines and 305 references

processors: Unity.Jobs.CodeGen.JobsILPostProcessor, zzzUnity.Burst.CodeGen.BurstILPostProcessor

1 processor(s) skipped this assembly

running Unity.Jobs.CodeGen.JobsILPostProcessor
[ 828/1069  0s] ILPostProcess Library/Bee/artifacts/1900b0aE.dag/post-processed/Unity.Collections.Tests.CoreCLR.InternalJobNestedPrivate.dll (+pdb)
Processing assembly Library/Bee/artifacts/1900b0aE.dag/Unity.Collections.Tests.CoreCLR.InternalJobNestedPrivate.dll, with 149 defines and 306 references

processors: Unity.Jobs.CodeGen.JobsILPostProcessor, zzzUnity.Burst.CodeGen.BurstILPostProcessor

1 processor(s) skipped this assembly

running Unity.Jobs.CodeGen.JobsILPostProcessor
[ 829/1069  0s] ILPostProcess Library/Bee/artifacts/1900b0aE.dag/post-processed/Unity.InputSystem.TestFramework.dll (+pdb)
Processing assembly Library/Bee/artifacts/1900b0aE.dag/Unity.InputSystem.TestFramework.dll, with 151 defines and 292 references

processors: Unity.Jobs.CodeGen.JobsILPostProcessor, zzzUnity.Burst.CodeGen.BurstILPostProcessor

1 processor(s) skipped this assembly

running Unity.Jobs.CodeGen.JobsILPostProcessor
[ 830/1069  0s] ILPostProcess Library/Bee/artifacts/1900b0aE.dag/post-processed/Unity.InternalAPIEditorBridge.ShaderGraph.Editor.dll (+pdb)
Processing assembly Library/Bee/artifacts/1900b0aE.dag/Unity.InternalAPIEditorBridge.ShaderGraph.Editor.dll, with 147 defines and 314 references

processors: Unity.Jobs.CodeGen.JobsILPostProcessor, zzzUnity.Burst.CodeGen.BurstILPostProcessor

1 processor(s) skipped this assembly

running Unity.Jobs.CodeGen.JobsILPostProcessor
[ 831/1069  1s] Csc Library/Bee/artifacts/1900b0aE.dag/Unity.RenderPipelines.Universal.Runtime.dll (+2 others)
[           0s] Csc Library/Bee/artifacts/1900b0aE.dag/Unity.RenderPipelines.Universal.Runtime.dll (+2 others) [CacheWrite 575bedeb25b07bf36641d051fde16d5e00000000000000000000000000000006]
[           0s] Csc Library/Bee/artifacts/1900b0aE.dag/Unity.ProBuilder.dll (+2 others) [CacheMiss b93fa3d792b4dc13c6f204eca107f95b00000000000000000000000000000006]
[ 834/1069  1s] Csc Library/Bee/artifacts/1900b0aE.dag/Unity.RenderPipelines.Core.Editor.dll (+2 others)
[           0s] Csc Library/Bee/artifacts/1900b0aE.dag/Unity.RenderPipelines.Core.Editor.dll (+2 others) [CacheWrite 5e1225669904a2a52f21b8f8fce151b100000000000000000000000000000006]
[           0s] Csc Library/Bee/artifacts/1900b0aE.dag/Unity.RenderPipelines.Universal.2D.Runtime.dll (+2 others) [CacheMiss c4202856db125719b10081872ca059ef00000000000000000000000000000006]
[ 839/1069  1s] ILPostProcess Library/Bee/artifacts/1900b0aE.dag/post-processed/UnityEditor.UI.dll (+pdb)
Processing assembly Library/Bee/artifacts/1900b0aE.dag/UnityEditor.UI.dll, with 150 defines and 313 references

processors: Unity.Jobs.CodeGen.JobsILPostProcessor, zzzUnity.Burst.CodeGen.BurstILPostProcessor

1 processor(s) skipped this assembly

running Unity.Jobs.CodeGen.JobsILPostProcessor
[ 840/1069  1s] ILPostProcess Library/Bee/artifacts/1900b0aE.dag/post-processed/Unity.RenderPipelines.GPUDriven.Runtime.dll (+pdb)
Processing assembly Library/Bee/artifacts/1900b0aE.dag/Unity.RenderPipelines.GPUDriven.Runtime.dll, with 150 defines and 309 references

processors: Unity.Jobs.CodeGen.JobsILPostProcessor, zzzUnity.Burst.CodeGen.BurstILPostProcessor

running Unity.Jobs.CodeGen.JobsILPostProcessor

running zzzUnity.Burst.CodeGen.BurstILPostProcessor
[ 841/1069  1s] ILPostProcess Library/Bee/artifacts/1900b0aE.dag/post-processed/Unity.RenderPipelines.Core.Runtime.dll (+pdb)
Processing assembly Library/Bee/artifacts/1900b0aE.dag/Unity.RenderPipelines.Core.Runtime.dll, with 154 defines and 308 references

processors: Unity.Jobs.CodeGen.JobsILPostProcessor, zzzUnity.Burst.CodeGen.BurstILPostProcessor

1 processor(s) skipped this assembly

running Unity.Jobs.CodeGen.JobsILPostProcessor
[ 842/1069  1s] ILPostProcess Library/Bee/artifacts/1900b0aE.dag/post-processed/Unity.Searcher.Editor.dll (+pdb)
Processing assembly Library/Bee/artifacts/1900b0aE.dag/Unity.Searcher.Editor.dll, with 147 defines and 314 references

processors: Unity.Jobs.CodeGen.JobsILPostProcessor, zzzUnity.Burst.CodeGen.BurstILPostProcessor

1 processor(s) skipped this assembly

running Unity.Jobs.CodeGen.JobsILPostProcessor
[ 843/1069  4s] ILPostProcess Library/Bee/artifacts/1900b0aE.dag/post-processed/Unity.InputSystem.dll (+pdb)
Processing assembly Library/Bee/artifacts/1900b0aE.dag/Unity.InputSystem.dll, with 162 defines and 305 references

processors: Unity.Jobs.CodeGen.JobsILPostProcessor, zzzUnity.Burst.CodeGen.BurstILPostProcessor

1 processor(s) skipped this assembly

running Unity.Jobs.CodeGen.JobsILPostProcessor
[ 844/1069  1s] ILPostProcess Library/Bee/artifacts/1900b0aE.dag/post-processed/Unity.PlasticSCM.Editor.Entities.dll (+pdb)
Processing assembly Library/Bee/artifacts/1900b0aE.dag/Unity.PlasticSCM.Editor.Entities.dll, with 147 defines and 315 references

processors: Unity.Jobs.CodeGen.JobsILPostProcessor, zzzUnity.Burst.CodeGen.BurstILPostProcessor

1 processor(s) skipped this assembly

running Unity.Jobs.CodeGen.JobsILPostProcessor
[ 845/1069  2s] ILPostProcess Library/Bee/artifacts/1900b0aE.dag/post-processed/Unity.PathTracing.Runtime.dll (+pdb)
Processing assembly Library/Bee/artifacts/1900b0aE.dag/Unity.PathTracing.Runtime.dll, with 152 defines and 308 references

processors: Unity.Jobs.CodeGen.JobsILPostProcessor, zzzUnity.Burst.CodeGen.BurstILPostProcessor

1 processor(s) skipped this assembly

running Unity.Jobs.CodeGen.JobsILPostProcessor
[ 846/1069  4s] ILPostProcess Library/Bee/artifacts/1900b0aE.dag/post-processed/Unity.Collections.dll (+pdb)
Processing assembly Library/Bee/artifacts/1900b0aE.dag/Unity.Collections.dll, with 151 defines and 306 references

processors: Unity.Jobs.CodeGen.JobsILPostProcessor, zzzUnity.Burst.CodeGen.BurstILPostProcessor

running Unity.Jobs.CodeGen.JobsILPostProcessor

running zzzUnity.Burst.CodeGen.BurstILPostProcessor
[           0s] Csc Library/Bee/artifacts/1900b0aE.dag/Unity.RenderPipelines.Core.Editor.Shared.dll (+2 others) [CacheMiss 18f277eda3158c23fadea88a685e681200000000000000000000000000000006]
[           0s] Csc Library/Bee/artifacts/1900b0aE.dag/Unity.ShaderGraph.Editor.dll (+2 others) [CacheMiss 894de31500864e7f462e77164e558b8200000000000000000000000000000006]
[ 847/1069  1s] ILPostProcess Library/Bee/artifacts/1900b0aE.dag/post-processed/Unity.ProBuilder.AssetIdRemapUtility.dll (+pdb)
Processing assembly Library/Bee/artifacts/1900b0aE.dag/Unity.ProBuilder.AssetIdRemapUtility.dll, with 147 defines and 314 references

processors: Unity.Jobs.CodeGen.JobsILPostProcessor, zzzUnity.Burst.CodeGen.BurstILPostProcessor

1 processor(s) skipped this assembly

running Unity.Jobs.CodeGen.JobsILPostProcessor
[ 848/1069  0s] ILPostProcess Library/Bee/artifacts/1900b0aE.dag/post-processed/Unity.InternalAPIEngineBridge.RenderPipelines.Core.Editor.dll (+pdb)
Processing assembly Library/Bee/artifacts/1900b0aE.dag/Unity.InternalAPIEngineBridge.RenderPipelines.Core.Editor.dll, with 147 defines and 314 references

processors: Unity.Jobs.CodeGen.JobsILPostProcessor, zzzUnity.Burst.CodeGen.BurstILPostProcessor

1 processor(s) skipped this assembly

running Unity.Jobs.CodeGen.JobsILPostProcessor
[ 849/1069  2s] ILPostProcess Library/Bee/artifacts/1900b0aE.dag/post-processed/Unity.VisualScripting.SettingsProvider.Editor.dll (+pdb)
Processing assembly Library/Bee/artifacts/1900b0aE.dag/Unity.VisualScripting.SettingsProvider.Editor.dll, with 147 defines and 319 references

processors: Unity.Jobs.CodeGen.JobsILPostProcessor, zzzUnity.Burst.CodeGen.BurstILPostProcessor

1 processor(s) skipped this assembly

running Unity.Jobs.CodeGen.JobsILPostProcessor
[ 850/1069  0s] ILPostProcess Library/Bee/artifacts/1900b0aE.dag/post-processed/Unity.Rendering.LightTransport.Editor.dll (+pdb)
Processing assembly Library/Bee/artifacts/1900b0aE.dag/Unity.Rendering.LightTransport.Editor.dll, with 147 defines and 314 references

processors: Unity.Jobs.CodeGen.JobsILPostProcessor, zzzUnity.Burst.CodeGen.BurstILPostProcessor

1 processor(s) skipped this assembly

running Unity.Jobs.CodeGen.JobsILPostProcessor
[ 851/1069  0s] ILPostProcess Library/Bee/artifacts/1900b0aE.dag/post-processed/Unity.VisualScripting.Shared.Editor.dll (+pdb)
Processing assembly Library/Bee/artifacts/1900b0aE.dag/Unity.VisualScripting.Shared.Editor.dll, with 147 defines and 320 references

processors: Unity.Jobs.CodeGen.JobsILPostProcessor, zzzUnity.Burst.CodeGen.BurstILPostProcessor

1 processor(s) skipped this assembly

running Unity.Jobs.CodeGen.JobsILPostProcessor
[ 852/1069  0s] ILPostProcess Library/Bee/artifacts/1900b0aE.dag/post-processed/Unity.AI.Navigation.Editor.dll (+pdb)
Processing assembly Library/Bee/artifacts/1900b0aE.dag/Unity.AI.Navigation.Editor.dll, with 148 defines and 316 references

processors: Unity.Jobs.CodeGen.JobsILPostProcessor, zzzUnity.Burst.CodeGen.BurstILPostProcessor

1 processor(s) skipped this assembly

running Unity.Jobs.CodeGen.JobsILPostProcessor
[ 853/1069  0s] Csc Library/Bee/artifacts/1900b0aE.dag/Unity.RenderPipelines.Universal.2D.Runtime.dll (+2 others)
[ 854/1069  1s] Csc Library/Bee/artifacts/1900b0aE.dag/Unity.ProBuilder.dll (+2 others)
[           0s] Csc Library/Bee/artifacts/1900b0aE.dag/Unity.RenderPipelines.Universal.2D.Runtime.dll (+2 others) [CacheWrite c4202856db125719b10081872ca059ef00000000000000000000000000000006]
[           0s] Csc Library/Bee/artifacts/1900b0aE.dag/Unity.ProBuilder.dll (+2 others) [CacheWrite b93fa3d792b4dc13c6f204eca107f95b00000000000000000000000000000006]
[           0s] Csc Library/Bee/artifacts/1900b0aE.dag/Unity.ProBuilder.Editor.dll (+2 others) [CacheMiss 63aa0af62e2388eb76f7ac5e3f28b93900000000000000000000000000000006]
[ 858/1069  0s] Csc Library/Bee/artifacts/1900b0aE.dag/Unity.RenderPipelines.Core.Editor.Shared.dll (+2 others)
[ 859/1069  0s] ILPostProcess Library/Bee/artifacts/1900b0aE.dag/post-processed/Unity.PathTracing.Editor.dll (+pdb)
Processing assembly Library/Bee/artifacts/1900b0aE.dag/Unity.PathTracing.Editor.dll, with 148 defines and 317 references

processors: Unity.Jobs.CodeGen.JobsILPostProcessor, zzzUnity.Burst.CodeGen.BurstILPostProcessor

1 processor(s) skipped this assembly

running Unity.Jobs.CodeGen.JobsILPostProcessor
[ 860/1069  0s] ILPostProcess Library/Bee/artifacts/1900b0aE.dag/post-processed/Unity.PlasticSCM.Editor.Assistant.dll (+pdb)
Processing assembly Library/Bee/artifacts/1900b0aE.dag/Unity.PlasticSCM.Editor.Assistant.dll, with 147 defines and 315 references

processors: Unity.Jobs.CodeGen.JobsILPostProcessor, zzzUnity.Burst.CodeGen.BurstILPostProcessor

1 processor(s) skipped this assembly

running Unity.Jobs.CodeGen.JobsILPostProcessor
[           0s] Csc Library/Bee/artifacts/1900b0aE.dag/Unity.RenderPipelines.Core.Editor.Shared.dll (+2 others) [CacheWrite 18f277eda3158c23fadea88a685e681200000000000000000000000000000006]
[ 862/1069  0s] ILPostProcess Library/Bee/artifacts/1900b0aE.dag/post-processed/Unity.VisualScripting.State.Editor.dll (+pdb)
Processing assembly Library/Bee/artifacts/1900b0aE.dag/Unity.VisualScripting.State.Editor.dll, with 147 defines and 319 references

processors: Unity.Jobs.CodeGen.JobsILPostProcessor, zzzUnity.Burst.CodeGen.BurstILPostProcessor

1 processor(s) skipped this assembly

running Unity.Jobs.CodeGen.JobsILPostProcessor
[ 863/1069  0s] ILPostProcess Library/Bee/artifacts/1900b0aE.dag/post-processed/Unity.PerformanceTesting.Editor.dll (+pdb)
Processing assembly Library/Bee/artifacts/1900b0aE.dag/Unity.PerformanceTesting.Editor.dll, with 148 defines and 301 references

processors: Unity.Jobs.CodeGen.JobsILPostProcessor, zzzUnity.Burst.CodeGen.BurstILPostProcessor

1 processor(s) skipped this assembly

running Unity.Jobs.CodeGen.JobsILPostProcessor
[ 864/1069  0s] ILPostProcess Library/Bee/artifacts/1900b0aE.dag/post-processed/Unity.RenderPipelines.Core.Editor.Shared.dll (+pdb)
Processing assembly Library/Bee/artifacts/1900b0aE.dag/Unity.RenderPipelines.Core.Editor.Shared.dll, with 147 defines and 321 references

processors: Unity.Jobs.CodeGen.JobsILPostProcessor, zzzUnity.Burst.CodeGen.BurstILPostProcessor

1 processor(s) skipped this assembly

running Unity.Jobs.CodeGen.JobsILPostProcessor
[ 865/1069  0s] ILPostProcess Library/Bee/artifacts/1900b0aE.dag/post-processed/Unity.CollabProxy.Editor.dll (+pdb)
Processing assembly Library/Bee/artifacts/1900b0aE.dag/Unity.CollabProxy.Editor.dll, with 147 defines and 315 references

processors: Unity.Jobs.CodeGen.JobsILPostProcessor, zzzUnity.Burst.CodeGen.BurstILPostProcessor

1 processor(s) skipped this assembly

running Unity.Jobs.CodeGen.JobsILPostProcessor
[ 866/1069  0s] ILPostProcess Library/Bee/artifacts/1900b0aE.dag/post-processed/Unity.InputSystem.DocCodeSamples.dll (+pdb)
Processing assembly Library/Bee/artifacts/1900b0aE.dag/Unity.InputSystem.DocCodeSamples.dll, with 147 defines and 301 references

processors: Unity.Jobs.CodeGen.JobsILPostProcessor, zzzUnity.Burst.CodeGen.BurstILPostProcessor

1 processor(s) skipped this assembly

running Unity.Jobs.CodeGen.JobsILPostProcessor
[ 867/1069  0s] ILPostProcess Library/Bee/artifacts/1900b0aE.dag/post-processed/Unity.ShaderGraph.Utilities.dll (+pdb)
Processing assembly Library/Bee/artifacts/1900b0aE.dag/Unity.ShaderGraph.Utilities.dll, with 147 defines and 314 references

processors: Unity.Jobs.CodeGen.JobsILPostProcessor, zzzUnity.Burst.CodeGen.BurstILPostProcessor

1 processor(s) skipped this assembly

running Unity.Jobs.CodeGen.JobsILPostProcessor
[ 868/1069  1s] ILPostProcess Library/Bee/artifacts/1900b0aE.dag/post-processed/Unity.RenderPipelines.Universal.Runtime.dll (+pdb)
Processing assembly Library/Bee/artifacts/1900b0aE.dag/Unity.RenderPipelines.Universal.Runtime.dll, with 157 defines and 315 references

processors: Unity.Jobs.CodeGen.JobsILPostProcessor, zzzUnity.Burst.CodeGen.BurstILPostProcessor

running Unity.Jobs.CodeGen.JobsILPostProcessor

running zzzUnity.Burst.CodeGen.BurstILPostProcessor
[ 869/1069  0s] ILPostProcess Library/Bee/artifacts/1900b0aE.dag/post-processed/Unity.InputSystem.ForUI.Editor.dll (+pdb)
Processing assembly Library/Bee/artifacts/1900b0aE.dag/Unity.InputSystem.ForUI.Editor.dll, with 147 defines and 316 references

processors: Unity.Jobs.CodeGen.JobsILPostProcessor, zzzUnity.Burst.CodeGen.BurstILPostProcessor

1 processor(s) skipped this assembly

running Unity.Jobs.CodeGen.JobsILPostProcessor
[ 870/1069  0s] ILPostProcess Library/Bee/artifacts/1900b0aE.dag/post-processed/UnityEditor.TestRunner.dll (+pdb)
Processing assembly Library/Bee/artifacts/1900b0aE.dag/UnityEditor.TestRunner.dll, with 148 defines and 301 references

processors: Unity.Jobs.CodeGen.JobsILPostProcessor, zzzUnity.Burst.CodeGen.BurstILPostProcessor

1 processor(s) skipped this assembly

running Unity.Jobs.CodeGen.JobsILPostProcessor
[ 871/1069  0s] ILPostProcess Library/Bee/artifacts/1900b0aE.dag/post-processed/Unity.ProBuilder.dll (+pdb)
Processing assembly Library/Bee/artifacts/1900b0aE.dag/Unity.ProBuilder.dll, with 151 defines and 309 references

processors: Unity.Jobs.CodeGen.JobsILPostProcessor, zzzUnity.Burst.CodeGen.BurstILPostProcessor

1 processor(s) skipped this assembly

running Unity.Jobs.CodeGen.JobsILPostProcessor
[ 872/1069  0s] ILPostProcess Library/Bee/artifacts/1900b0aE.dag/post-processed/Unity.VisualScripting.Flow.Editor.dll (+pdb)
Processing assembly Library/Bee/artifacts/1900b0aE.dag/Unity.VisualScripting.Flow.Editor.dll, with 149 defines and 318 references

processors: Unity.Jobs.CodeGen.JobsILPostProcessor, zzzUnity.Burst.CodeGen.BurstILPostProcessor

1 processor(s) skipped this assembly

running Unity.Jobs.CodeGen.JobsILPostProcessor
[ 873/1069  1s] ILPostProcess Library/Bee/artifacts/1900b0aE.dag/post-processed/Unity.RenderPipelines.Universal.2D.Runtime.dll (+pdb)
Processing assembly Library/Bee/artifacts/1900b0aE.dag/Unity.RenderPipelines.Universal.2D.Runtime.dll, with 152 defines and 310 references

processors: Unity.Jobs.CodeGen.JobsILPostProcessor, zzzUnity.Burst.CodeGen.BurstILPostProcessor

running Unity.Jobs.CodeGen.JobsILPostProcessor

running zzzUnity.Burst.CodeGen.BurstILPostProcessor
[ 874/1069  0s] ILPostProcess Library/Bee/artifacts/1900b0aE.dag/post-processed/Unity.AI.Navigation.Updater.dll (+pdb)
Processing assembly Library/Bee/artifacts/1900b0aE.dag/Unity.AI.Navigation.Updater.dll, with 147 defines and 317 references

processors: Unity.Jobs.CodeGen.JobsILPostProcessor, zzzUnity.Burst.CodeGen.BurstILPostProcessor

1 processor(s) skipped this assembly

running Unity.Jobs.CodeGen.JobsILPostProcessor
[ 875/1069  0s] ILPostProcess Library/Bee/artifacts/1900b0aE.dag/post-processed/Unity.TextMeshPro.Editor.dll (+pdb)
Processing assembly Library/Bee/artifacts/1900b0aE.dag/Unity.TextMeshPro.Editor.dll, with 147 defines and 316 references

processors: Unity.Jobs.CodeGen.JobsILPostProcessor, zzzUnity.Burst.CodeGen.BurstILPostProcessor

1 processor(s) skipped this assembly

running Unity.Jobs.CodeGen.JobsILPostProcessor
[ 918/1069  0s] ILPostProcess Library/Bee/artifacts/1900b0aE.dag/post-processed/Unity.GraphAuthoring.Editor.dll (+pdb)
Processing assembly Library/Bee/artifacts/1900b0aE.dag/Unity.GraphAuthoring.Editor.dll, with 147 defines and 314 references

processors: Unity.Jobs.CodeGen.JobsILPostProcessor, zzzUnity.Burst.CodeGen.BurstILPostProcessor

1 processor(s) skipped this assembly

running Unity.Jobs.CodeGen.JobsILPostProcessor
[ 919/1069  0s] ILPostProcess Library/Bee/artifacts/1900b0aE.dag/post-processed/UnityEditor.UI.Analytics.dll (+pdb)
Processing assembly Library/Bee/artifacts/1900b0aE.dag/UnityEditor.UI.Analytics.dll, with 147 defines and 315 references

processors: Unity.Jobs.CodeGen.JobsILPostProcessor, zzzUnity.Burst.CodeGen.BurstILPostProcessor

1 processor(s) skipped this assembly

running Unity.Jobs.CodeGen.JobsILPostProcessor
[1010/1069  1s] Csc Library/Bee/artifacts/1900b0aE.dag/Unity.ProBuilder.Editor.dll (+2 others)
[           0s] Csc Library/Bee/artifacts/1900b0aE.dag/Unity.ProBuilder.Editor.dll (+2 others) [CacheWrite 63aa0af62e2388eb76f7ac5e3f28b93900000000000000000000000000000006]
[           0s] Csc Library/Bee/artifacts/1900b0aE.dag/Unity.ProBuilder.AddOns.Editor.dll (+2 others) [CacheMiss 672a3a87c4e060f654a53fe8bee6e35500000000000000000000000000000006]
[1013/1069  0s] ILPostProcess Library/Bee/artifacts/1900b0aE.dag/post-processed/Unity.AI.Navigation.Editor.ConversionSystem.dll (+pdb)
Processing assembly Library/Bee/artifacts/1900b0aE.dag/Unity.AI.Navigation.Editor.ConversionSystem.dll, with 147 defines and 314 references

processors: Unity.Jobs.CodeGen.JobsILPostProcessor, zzzUnity.Burst.CodeGen.BurstILPostProcessor

1 processor(s) skipped this assembly

running Unity.Jobs.CodeGen.JobsILPostProcessor
[1016/1069  0s] ILPostProcess Library/Bee/artifacts/1900b0aE.dag/post-processed/Unity.Settings.Editor.dll (+pdb)
Processing assembly Library/Bee/artifacts/1900b0aE.dag/Unity.Settings.Editor.dll, with 147 defines and 314 references

processors: Unity.Jobs.CodeGen.JobsILPostProcessor, zzzUnity.Burst.CodeGen.BurstILPostProcessor

1 processor(s) skipped this assembly

running Unity.Jobs.CodeGen.JobsILPostProcessor
[1019/1069  0s] Csc Library/Bee/artifacts/1900b0aE.dag/Unity.ProBuilder.AddOns.Editor.dll (+2 others)
[1020/1069  2s] ILPostProcess Library/Bee/artifacts/1900b0aE.dag/post-processed/Unity.Timeline.Editor.dll (+pdb)
Processing assembly Library/Bee/artifacts/1900b0aE.dag/Unity.Timeline.Editor.dll, with 148 defines and 315 references

processors: Unity.Jobs.CodeGen.JobsILPostProcessor, zzzUnity.Burst.CodeGen.BurstILPostProcessor

1 processor(s) skipped this assembly

running Unity.Jobs.CodeGen.JobsILPostProcessor
[           0s] Csc Library/Bee/artifacts/1900b0aE.dag/Unity.ProBuilder.AddOns.Editor.dll (+2 others) [CacheWrite 672a3a87c4e060f654a53fe8bee6e35500000000000000000000000000000006]
[1024/1069  0s] ILPostProcess Library/Bee/artifacts/1900b0aE.dag/post-processed/Unity.Collections.Editor.dll (+pdb)
Processing assembly Library/Bee/artifacts/1900b0aE.dag/Unity.Collections.Editor.dll, with 148 defines and 315 references

processors: Unity.Jobs.CodeGen.JobsILPostProcessor, zzzUnity.Burst.CodeGen.BurstILPostProcessor

1 processor(s) skipped this assembly

running Unity.Jobs.CodeGen.JobsILPostProcessor
[1027/1069  0s] ILPostProcess Library/Bee/artifacts/1900b0aE.dag/post-processed/Unity.ProBuilder.AddOns.Editor.dll (+pdb)
Processing assembly Library/Bee/artifacts/1900b0aE.dag/Unity.ProBuilder.AddOns.Editor.dll, with 147 defines and 316 references

processors: Unity.Jobs.CodeGen.JobsILPostProcessor, zzzUnity.Burst.CodeGen.BurstILPostProcessor

1 processor(s) skipped this assembly

running Unity.Jobs.CodeGen.JobsILPostProcessor
[1030/1069  2s] ILPostProcess Library/Bee/artifacts/1900b0aE.dag/post-processed/Unity.RenderPipelines.Core.Editor.dll (+pdb)
Processing assembly Library/Bee/artifacts/1900b0aE.dag/Unity.RenderPipelines.Core.Editor.dll, with 151 defines and 322 references

processors: Unity.Jobs.CodeGen.JobsILPostProcessor, zzzUnity.Burst.CodeGen.BurstILPostProcessor

1 processor(s) skipped this assembly

running Unity.Jobs.CodeGen.JobsILPostProcessor
[1033/1069  0s] ILPostProcess Library/Bee/artifacts/1900b0aE.dag/post-processed/Unity.ProBuilder.Editor.dll (+pdb)
Processing assembly Library/Bee/artifacts/1900b0aE.dag/Unity.ProBuilder.Editor.dll, with 147 defines and 319 references

processors: Unity.Jobs.CodeGen.JobsILPostProcessor, zzzUnity.Burst.CodeGen.BurstILPostProcessor

1 processor(s) skipped this assembly

running Unity.Jobs.CodeGen.JobsILPostProcessor
[1035/1069  1s] ILPostProcess Library/Bee/artifacts/1900b0aE.dag/post-processed/Unity.VisualScripting.Core.Editor.dll (+pdb)
Processing assembly Library/Bee/artifacts/1900b0aE.dag/Unity.VisualScripting.Core.Editor.dll, with 147 defines and 315 references

processors: Unity.Jobs.CodeGen.JobsILPostProcessor, zzzUnity.Burst.CodeGen.BurstILPostProcessor

1 processor(s) skipped this assembly

running Unity.Jobs.CodeGen.JobsILPostProcessor
[1039/1069  2s] ILPostProcess Library/Bee/artifacts/1900b0aE.dag/post-processed/Unity.PlasticSCM.Editor.dll (+pdb)
Processing assembly Library/Bee/artifacts/1900b0aE.dag/Unity.PlasticSCM.Editor.dll, with 148 defines and 304 references

processors: Unity.Jobs.CodeGen.JobsILPostProcessor, zzzUnity.Burst.CodeGen.BurstILPostProcessor

1 processor(s) skipped this assembly

running Unity.Jobs.CodeGen.JobsILPostProcessor
[1041/1069  3s] Csc Library/Bee/artifacts/1900b0aE.dag/Unity.ShaderGraph.Editor.dll (+2 others)
[           0s] Csc Library/Bee/artifacts/1900b0aE.dag/Unity.ShaderGraph.Editor.dll (+2 others) [CacheWrite 894de31500864e7f462e77164e558b8200000000000000000000000000000006]
[           0s] Csc Library/Bee/artifacts/1900b0aE.dag/Unity.RenderPipelines.Universal.Editor.dll (+2 others) [CacheMiss 0fe2eb7c050bc6de8a1980d29c1a6aba00000000000000000000000000000006]
[           0s] Csc Library/Bee/artifacts/1900b0aE.dag/Unity.RenderPipelines.Universal.2D.Editor.Overrides.dll (+2 others) [CacheMiss b16ed2f472a911c89428838dacd3ee7700000000000000000000000000000006]
[1046/1069  0s] Csc Library/Bee/artifacts/1900b0aE.dag/Unity.RenderPipelines.Universal.2D.Editor.Overrides.dll (+2 others)
[           0s] Csc Library/Bee/artifacts/1900b0aE.dag/Unity.RenderPipelines.Universal.2D.Editor.Overrides.dll (+2 others) [CacheWrite b16ed2f472a911c89428838dacd3ee7700000000000000000000000000000006]
[1048/1069  0s] ILPostProcess Library/Bee/artifacts/1900b0aE.dag/post-processed/Unity.RenderPipelines.Universal.2D.Editor.Overrides.dll (+pdb)
Processing assembly Library/Bee/artifacts/1900b0aE.dag/Unity.RenderPipelines.Universal.2D.Editor.Overrides.dll, with 148 defines and 322 references

processors: Unity.Jobs.CodeGen.JobsILPostProcessor, zzzUnity.Burst.CodeGen.BurstILPostProcessor

1 processor(s) skipped this assembly

running Unity.Jobs.CodeGen.JobsILPostProcessor
[1051/1069  0s] ILPostProcess Library/Bee/artifacts/1900b0aE.dag/post-processed/Unity.ShaderGraph.Editor.dll (+pdb)
Processing assembly Library/Bee/artifacts/1900b0aE.dag/Unity.ShaderGraph.Editor.dll, with 147 defines and 320 references

processors: Unity.Jobs.CodeGen.JobsILPostProcessor, zzzUnity.Burst.CodeGen.BurstILPostProcessor

1 processor(s) skipped this assembly

running Unity.Jobs.CodeGen.JobsILPostProcessor
[1054/1069  1s] Csc Library/Bee/artifacts/1900b0aE.dag/Unity.RenderPipelines.Universal.Editor.dll (+2 others)
[           0s] Csc Library/Bee/artifacts/1900b0aE.dag/Unity.RenderPipelines.Universal.Editor.dll (+2 others) [CacheWrite 0fe2eb7c050bc6de8a1980d29c1a6aba00000000000000000000000000000006]
[1060/1069  0s] ILPostProcess Library/Bee/artifacts/1900b0aE.dag/post-processed/Assembly-CSharp.dll (+pdb)
Processing assembly Library/Bee/artifacts/1900b0aE.dag/Assembly-CSharp.dll, with 149 defines and 356 references

processors: Unity.Jobs.CodeGen.JobsILPostProcessor, zzzUnity.Burst.CodeGen.BurstILPostProcessor

1 processor(s) skipped this assembly

running Unity.Jobs.CodeGen.JobsILPostProcessor
[1061/1069  0s] ILPostProcess Library/Bee/artifacts/1900b0aE.dag/post-processed/Assembly-CSharp-Editor.dll (+pdb)
Processing assembly Library/Bee/artifacts/1900b0aE.dag/Assembly-CSharp-Editor.dll, with 147 defines and 379 references

processors: Unity.Jobs.CodeGen.JobsILPostProcessor, zzzUnity.Burst.CodeGen.BurstILPostProcessor

1 processor(s) skipped this assembly

running Unity.Jobs.CodeGen.JobsILPostProcessor
[1066/1069  0s] ILPostProcess Library/Bee/artifacts/1900b0aE.dag/post-processed/Unity.RenderPipelines.Universal.Editor.dll (+pdb)
Processing assembly Library/Bee/artifacts/1900b0aE.dag/Unity.RenderPipelines.Universal.Editor.dll, with 151 defines and 326 references

processors: Unity.Jobs.CodeGen.JobsILPostProcessor, zzzUnity.Burst.CodeGen.BurstILPostProcessor

1 processor(s) skipped this assembly

running Unity.Jobs.CodeGen.JobsILPostProcessor
*** Tundra build success (17.74 seconds), 464 items updated, 1069 evaluated
AssetDatabase: script compilation time: 19.344465s
Begin MonoManager ReloadAssembly
Total cache size 188703724
Total cache size after purge 188703724, took 00:00:00.1282780
'Packages/com.unity.render-pipelines.core/Editor/Deprecated.cs' contains partial class of Unity.Object, exactly 1 of the partial classes needs to be in a file with the same filename. This is to know the one that can be referenced from ie. GameObjects
'Packages/com.unity.render-pipelines.core/Editor/Deprecated.cs' contains partial class of Unity.Object, exactly 1 of the partial classes needs to be in a file with the same filename. This is to know the one that can be referenced from ie. GameObjects
Native extension for WindowsStandalone target not found
Native extension for WebGL target not found
[MODES] ModeService[none].Initialize
[MODES] ModeService[none].LoadModes
[MODES] Loading mode Default (0) for mode-current-id-Gummi Ship
ScheduleIndexationOnStartup MainProcess:True IndexOnStartup:True
Scripting: successfully reloaded assembly
- Finished resetting the current domain, in  0.933 seconds
Domain Reload Profiling: 1787ms
	BeginReloadAssembly (257ms)
		DisableScriptedObjects (34ms)
		CreateAndSetChildDomain (80ms)
	RebuildCommonClasses (8ms)
	RebuildNativeTypeToScriptingClass (17ms)
	initialDomainReloadingComplete (48ms)
	LoadAllAssembliesAndSetupDomain (523ms)
		LoadAssemblies (299ms)
		TypeCache.Refresh (134ms)
			TypeCache.ScanAssembly (125ms)
		AnalyzeDomain (61ms)
			BuildScriptInfoCaches (53ms)
			ResolveRequiredComponents (7ms)
	FinalizeReload (934ms)
		SetupLoadedEditorAssemblies (0ms)
			BeforeProcessingInitializeOnLoad (86ms)
			ProcessInitializeOnLoadAttributes (285ms)
			ProcessInitializeOnLoadMethodAttributes (201ms)
			AfterProcessingInitializeOnLoad (5ms)
		AwakeInstancesAfterBackupRestoration (23ms)
Starting new worker id: 0 with log in C:/Users/PC/GAMEDEV/GummiShip/Logs/AssetImportWorkerHW0.log

Asset Pipeline Refresh (id=b0c97d97dc3713445ba026b6d354de13): Total: 23.581 seconds - Initiated by InitialRefreshV2(ForceSynchronousImport)
	(Values over 0.05ms)
	Summary:
		Imports: total=0 (actual=0, local cache=0, cache server=0)
		Asset DB Process Time: managed=0 ms, native=1345 ms
		Asset DB Callback time: managed=44 ms, native=1892 ms
		Scripting: domain reloads=1, domain reload time=903 ms, compile time=19346 ms, other=49 ms
		Project Asset Count: scripts=1445, non-scripts=2814
		Asset File Changes: new=0, changed=0, moved=0, deleted=0
		Scan Filter Count: 0
	InvokePackagesCallback: 1893.956ms
	ApplyChangesToAssetFolders: 0.634ms
	Scan: 84.409ms
	Collect global state as custom dependencies: 16.026ms
	CategorizeScriptCompilationAssets: 37.613ms
	ProcessAssetsWithTransientArtifactChanges: 74.619ms
	CategorizeAssets: 58.288ms
	CompileScripts: 19346.224ms
	ImportOutOfDateAssets: 951.193ms (940.038ms without children)
		UnloadImportedAssets: 0.842ms
		EnsureUptoDateAssetsAreRegisteredWithGuidPM: 0.838ms
		ImportSchedulerStart: 9.425ms
	PostProcessAllAssets: 44.114ms
		MonoPostProcessAllAssets: 44.035ms
			UniversalRenderPipelineGlobalSettingsPostprocessor.OnPostprocessAllAssets 16.808ms
			SyncVS.PostprocessSyncProject 11.324ms
			SpeedTree9Postprocessor.OnPostprocessAllAssets 2.108ms
			WindowAssetPostprocessingWatcher.OnPostprocessAllAssets 1.613ms
			EditModeScopePostprocessor.OnPostprocessAllAssets 0.701ms
			RenderPipelineGlobalSettingsPostprocessor.OnPostprocessAllAssets 0.551ms
			ShaderReflectionAssetPostProcessor.OnPostprocessAllAssets 0.418ms
			TerrainToolbarOverlayPostProcessor.OnPostprocessAllAssets 0.276ms
			InputActionAssetPostprocessor.OnPostprocessAllAssets 0.274ms
			ReferencedClipsPostProcessor.OnPostprocessAllAssets 0.211ms
			ProjectSettingsPostprocessor.OnPostprocessAllAssets 0.176ms
			AssetDatabaseCallbacks.OnPostprocessAllAssets 0.161ms
	UnloadStreamsBegin: 1.548ms
	PersistCurrentRevisions: 0.220ms
	GenerateScriptTypeHashes: 1.835ms
	GenerateScriptTypeSerializationHashes: 3.476ms
	Untracked: 1051.995ms

Application.AssetDatabase Initial Refresh End
Launched and connected shader compiler UnityShaderCompiler.exe after 0.01 seconds
Scanning for USB devices : 14.466ms
Initializing Unity extensions:
Unloading 64 Unused Serialized files (Serialized files now loaded: 0)
Loaded scene 'Assets/Scenes/SampleScene.unity'
	Deserialize:            17.647 ms
	Integration:            25.985 ms
	Integration of assets:  0.079 ms
	Thread Wait Time:       3.740 ms
	Total Operation Time:   47.452 ms
Unloading 6996 unused Assets / (13.2 MB). Loaded Objects now: 8165.
Memory consumption went from 425.3 MB to 412.1 MB.
Total: 13.328300 ms (FindLiveObjects: 0.590700 ms CreateObjectMapping: 0.604800 ms MarkObjects: 7.998800 ms  DeleteObjects: 3.974100 ms)

[LAYOUT] About to load UserSettings\Layouts\default-6000.dwlt, keepMainWindow=False
Worker ready: AssetImportWorkerHW0 0
[LAYOUT] About to save layout C:\Users\PC\GAMEDEV\GummiShip\UserSettings\Layouts\default-6000.dwlt
[LAYOUT] About to save layout C:/Users/PC/AppData/Roaming/Unity/Editor-5.x/Preferences\Layouts\current\default-6000.dwlt
[MODES] ModeService[default].InitializeCurrentMode
[MODES] ModeService[default].RaiseModeChanged(default, default)
<RI> Initializing input.
Using Windows.Gaming.Input
[Project] Loading completed in 27.788 seconds
	Project init time: 				26.070 seconds
		Template init time: 		0.000 seconds
		Package Manager init time: 		0.232 seconds
		Asset Database init time: 		0.331 seconds
		Global illumination init time: 	0.002 seconds
		Assemblies load time: 			1.086 seconds
		Unity extensions init time: 	0.018 seconds
		Asset Database refresh time: 	23.582 seconds
	Scene opening time: 			1.470 seconds
##utp:{"type":"ProjectInfo","version":2,"phase":"Immediate","time":1789563531045,"processId":33972,"projectLoad":27.7882179,"projectInit":26.0698625,"templateInit":0.0,"packageManagerInit":0.2317416,"assetDatabaseInit":0.3310907,"globalIlluminationInit":0.001919,"assembliesLoad":1.0859844,"unityExtensionsInit":0.0181173,"assetDatabaseRefresh":23.5816364,"sceneOpening":1.4695566}
##utp:{"type":"EditorInfo","version":2,"phase":"Immediate","time":1789563531045,"processId":33972,"editorVersion":"6000.6.0f1 (f7f8ed4d1e24)","branch":"6000.6/respin/6000.6.0f1-fa21a270ab12","buildType":"Release","platform":"Windows"}
GPU Resident Drawer created.
[MODES] ModeService[default].LoadModes
[Licensing::Client] Successfully resolved entitlement details
Created GICache directory at C:/Users/PC/AppData/LocalLow/Unity/Caches/GiCache. Took: 0.009s, timestamps: [28.890 - 28.899]
[Licensing::Client] Successfully resolved entitlement details
[Licensing::Client] Successfully updated the access token
[Licensing::Module] Successfully updated access token: "2U4H46-I"... (expires: 2026-09-16T13:46:05Z)
[Licensing::Client] Successfully resolved entitlement details
[Licensing::Client] Successfully resolved entitlement details
Asset Pipeline Refresh (id=34b6e4cb5bf48dc408e4ee0fd1f60deb): Total: 0.069 seconds - Initiated by RefreshV2(AllowForceSynchronousImport)
UPID Received '7b97985a-2895-491a-93d0-32d055df8a14'.
TrimDiskCacheJob: Current cache size 0mb
Asset Pipeline Refresh (id=3a92f2cdebfa23642ad1160cc9d7148c): Total: 0.006 seconds - Initiated by RefreshV2(AllowForceSynchronousImport)
Start Indexing on Editor startup
[Indexing] Starting Initial Indexing for Assets
Asset Pipeline Refresh (id=75e25d9b402d21e469d5658cefae2fb6): Total: 0.005 seconds - Initiated by RefreshV2(AllowForceSynchronousImport)
Asset Pipeline Refresh (id=65d53be1c7ee6a644b8f1c8108daad89): Total: 0.003 seconds - Initiated by RefreshV2(AllowForceSynchronousImport)
GPU Resident Drawer disposed.
Entering Playmode with Reload Domain disabled.
If you experience any issues, please disable "Enter Play Mode Options" in Editor Settings
Entering Playmode with Reload Scene disabled. If you experience any issues, please disable "Enter Play Mode Options" in Editor Settings
GPU Resident Drawer created.
Asset Pipeline Refresh (id=4ad9e33ced244b44c8b6f3626dfcd68c): Total: 0.011 seconds - Initiated by RefreshV2(NoUpdateAssetOptions)
Asset Pipeline Refresh (id=2ddf363552c138e458c616d5f79ede81): Total: 0.004 seconds - Initiated by RefreshV2(NoUpdateAssetOptions)
Asset Pipeline Refresh (id=f402e6be20a81fa419e8bdbafd64bc0c): Total: 0.002 seconds - Initiated by RefreshV2(NoUpdateAssetOptions)
Asset Pipeline Refresh (id=37e33e3ce129eb84294cd803fb12a0ac): Total: 0.003 seconds - Initiated by RefreshV2(NoUpdateAssetOptions)
Asset Pipeline Refresh (id=5967156dfa2b5f044be3ed895c6ffe11): Total: 0.002 seconds - Initiated by RefreshV2(NoUpdateAssetOptions)
Asset Pipeline Refresh (id=a0dd5d604e4769543ac7e20a6e254ec3): Total: 0.004 seconds - Initiated by RefreshV2(NoUpdateAssetOptions)
Starting new worker id: 1 with log in C:/Users/PC/GAMEDEV/GummiShip/Logs/AssetImportWorkerHW1.log
[Worker0] Imported GUID: b6b9b1c33c5f22042987104c91dc9b18 - Path: Assets/Prefabs/Blue.mat - Importer: PreviewImporter -> (ImportResultId: 'd9b60c658c7daa8f4a970f284fc411d0') in 0.4160933 seconds
Worker ready: AssetImportWorkerHW1 1
Scanning for USB devices : 26.910ms
Scanning for USB devices : 17.392ms
Scanning for USB devices : 20.497ms
Scanning for USB devices : 15.673ms
Project ID request failed, Reason: The requested URL returned error: 401 (401).
Unknown Unity Connect error (400). Please contact support at support@unity.com while processing request "https://services.unity.com/api/unity/legacy/v1/projects/7b97985a-2895-491a-93d0-32d055df8a14", HTTP error code 401
.[Licensing::Client] Successfully resolved entitlement details
[Licensing::Client] Successfully updated the access token
[Licensing::Module] Successfully updated access token: "wRdvCYsK"... (expires: 2026-09-16T15:46:06Z)
[Licensing::Client] Successfully resolved entitlement details
[Licensing::Client] Successfully resolved entitlement details
UPID Received '7b97985a-2895-491a-93d0-32d055df8a14'.
Scanning for USB devices : 15.462ms
Scanning for USB devices : 15.673ms
Asset Pipeline Refresh (id=20a353256b4dd334d8a0c04b19633d55): Total: 0.006 seconds - Initiated by RefreshV2(NoUpdateAssetOptions)
MonoPathRemapper: Attempts to remap: 38654; Successful remaps: 20840
Serialized file version minimum: 23, current 23
[LAYOUT] About to save layout C:\Users\PC\GAMEDEV\GummiShip\UserSettings\Layouts\default-6000.dwlt
[LAYOUT] About to save layout C:/Users/PC/AppData/Roaming/Unity/Editor-5.x/Preferences\Layouts\current\default-6000.dwlt
GPU Resident Drawer disposed.
Input System module state changed to: ShutdownInProgress.
Input Polling Thread exited.
Input System module state changed to: Shutdown.
[Physics::Module] Cleanup current backend.
[Physics::Module] Id: 0xf2b8ea05
[Licensing::IpcConnector] LicenseClient-PC-notifications channel disconnected successfully.
[Licensing::IpcConnector] LicenseClient-PC channel disconnected successfully.
Lingering sessions upon destruction of worker manager
Unity Data Store service was successfully shut down
UDS shutting down local client system
Shut down UDS service system complete
AcceleratorClientConnectionCallback - disconnected - :0
Cleanup mono
CodeReloadManager destroyed
abort_threads: Failed aborting id: 00000000000051B8, mono_thread_manage will ignore it

abort_threads: Failed aborting id: 0000000000000934, mono_thread_manage will ignore it

abort_threads: Failed aborting id: 00000000000051B8, mono_thread_manage will ignore it

abort_threads: Failed aborting id: 0000000000000934, mono_thread_manage will ignore it

debugger-agent: Unable to listen on 4064
Checking for leaked weakptr:
  Found no leaked weakptrs.
[Package Manager] Server process was shutdown
##utp:{"type":"MemoryLeaks","version":2,"phase":"Immediate","time":1789566913652,"processId":33972,"allocatedMemory":18922078,"memoryLabels":[{"Default":202769},{"Permanent":15516},{"NewDelete":70217},{"Thread":4197984},{"Manager":2337093},{"VertexData":8},{"Geometry":816},{"Shader":853656},{"Material":24},{"TextureCache":912},{"GfxDevice":55968},{"Animation":952},{"Audio":984},{"FreeType":8},{"FontEngine":736},{"Physics":1970},{"Physics2D":16},{"Serialization":16864},{"Input":45280},{"JobScheduler":256},{"TextLib":19933},{"Mono":48},{"MonoCode":64},{"ScriptingNativeRuntime":1483960},{"BaseObject":49296},{"Resource":1208},{"Renderer":2384},{"Transform":4685},{"File":22246},{"WebCam":616},{"Culling":32},{"Terrain":11442},{"Wind":24},{"STL":40},{"String":900275},{"StaticString":3808},{"Utility":2674402},{"Curl":48},{"PoolAlloc":2840},{"AI":80},{"TypeTree":17165},{"ScriptManager":12640},{"CodeReload":448},{"RuntimeInitializeOnLoadManager":64},{"Sprites":102},{"SpriteAtlas":120},{"GI":7816},{"Director":8296},{"CloudService":7440},{"WebRequest":9732},{"VR":49650},{"SceneManager":608},{"Video":208},{"LazyScriptCache":32},{"NativeArray":540},{"Camera":729},{"Secure":265},{"SerializationCache":9256},{"APIUpdating":10320},{"Subsystems":336},{"VirtualTexturing":57888},{"StaticSafetyDebugInfo":278528},{"Analytics":768},{"Hierarchy":1188},{"UIElements":40},{"CoreStats":14456},{"Identifiers":7152},{"Gui":267852},{"EditorUtility":151335},{"VersionControl":8},{"Undo":931},{"AssetDatabase":4961326},{"AssetImporter":40},{"EditorGi":328},{"UnityConnect":36882},{"Upm":1988},{"UpmDiagnostics":8},{"AssetCompliance":96},{"DrivenProperties":72},{"LocalIPC":222},{"ProfilerEditor":9746},{"CoreBusinessMetrics":3594},{"Windowing":456},{"Licensing":12771},{"AssetReference":32},{"IPCStream":32}]}
